,Frecuencia [Hz],X [V],Ruido X [V],Y [V],Ruido Y [V],Tiempo de integraci√≥n [s],Escala [V]
0,30.0,-0.01991936,0.000550265612590865,-0.020236683333333335,0.0005955414427691457,3.0,0.02
1,33.947895791583164,-0.013371533333333333,0.0003954798556465577,-0.013317453333333333,0.00040908646904481646,3.0,0.02
2,37.895791583166336,-0.008634754000000001,0.00027669205405528617,-0.008485489333333332,0.00027860626799521606,3.0,0.01
3,41.8436873747495,-0.005453870999999999,0.00018182526367092113,-0.005310772333333334,0.00017984853369216617,3.0,0.01
4,45.791583166332664,-0.0033684403333333335,0.00011694467163245282,-0.0032601263333333335,0.00011424929646707776,3.0,0.005
5,49.739478957915836,-0.002058281333333333,7.524008084052601e-05,-0.001985601333333333,7.283210101474641e-05,3.0,0.002
6,53.687374749499,-0.0012931146666666667,5.8827373771815505e-05,-0.0012474136666666667,5.655625426560316e-05,1.0,0.002
7,57.635270541082164,-0.0007773853666666667,3.6749724302352114e-05,-0.0007528699666666667,3.514328180793908e-05,1.0,0.001
8,61.58316633266533,-0.0004710499333333334,2.412001809553403e-05,-0.00046055346666666673,2.2969878604719608e-05,1.0,0.0005
9,65.5310621242485,-0.0002928225666666667,1.2771420259530872e-05,-0.0002911159666666667,1.21239929491988e-05,1.0,0.0005
10,69.47895791583167,-0.0001839268,8.087710073108868e-06,-0.0001878105333333333,7.663897836537807e-06,1.0,0.0002
11,73.42685370741484,-0.00012180503333333333,4.440181824229975e-06,-0.00012883599999999998,4.227543936298396e-06,1.0,0.0002
12,77.374749498998,-8.444373333333333e-05,2.55250008636413e-06,-9.296607333333332e-05,2.4793551295895922e-06,1.0,0.0001
13,81.32264529058116,-6.409322e-05,1.39434220558178e-06,-7.294810333333332e-05,1.3936430369080254e-06,1.0,0.0001
14,85.27054108216433,-5.299360999999999e-05,7.312403751389378e-07,-6.159136666666666e-05,7.778274698729077e-07,1.0,0.0001
15,89.21843687374749,-4.759044e-05,3.1605793203145515e-07,-5.539119999999999e-05,4.0867166527666184e-07,1.0,0.0001
16,93.16633266533066,-4.568147666666667e-05,6.011929631065955e-08,-5.235745333333333e-05,1.803926933726039e-07,1.0,0.0001
17,97.11422845691384,-4.5983476666666665e-05,1.0328220138156535e-07,-5.118422333333333e-05,4.978743270701504e-08,1.0,0.0001
18,101.062124248497,-4.771511666666667e-05,2.0810701907645747e-07,-5.114734333333333e-05,3.119539157560913e-08,1.0,0.0001
19,105.01002004008016,-5.0354233333333326e-05,2.787742830479327e-07,-5.174637333333333e-05,7.503931384429241e-08,1.0,0.0001
20,108.95791583166333,-5.361585e-05,3.2630898215239655e-07,-5.2684033333333326e-05,9.857462937062255e-08,1.0,0.0001
21,112.90581162324649,-5.7298926666666665e-05,3.563428442135779e-07,-5.3810686666666664e-05,1.0940555358644055e-07,1.0,0.0001
22,116.85370741482966,-6.128415333333333e-05,3.82624660063736e-07,-5.501345666666666e-05,1.1473522180316819e-07,1.0,0.0001
23,120.80160320641284,-6.551093e-05,4.019505468338112e-07,-5.620369e-05,1.1132567044487099e-07,1.0,0.0001
24,124.749498997996,-6.995557666666667e-05,4.217958666490488e-07,-5.739938e-05,1.1184696807096135e-07,1.0,0.0001
25,128.69739478957916,-7.451098666666667e-05,4.3254238461553005e-07,-5.858042333333333e-05,1.0845297808523053e-07,1.0,0.0001
26,132.64529058116233,-7.924323e-05,4.5295771484028545e-07,-5.9726576666666666e-05,1.0463256880893052e-07,1.0,0.0001
27,136.5931863727455,-7.359245666666666e-05,1.488692797576301e-07,-6.775256666666666e-05,5.024350978539968e-07,1.0,0.0001
28,140.54108216432866,-7.610193666666666e-05,5.084632280924767e-07,-7.050978666666666e-05,7.947086146646659e-08,1.0,0.0001
29,144.48897795591182,-8.299882e-05,7.298180816249131e-07,-7.040758666666665e-05,6.584569200453104e-08,1.0,0.0001
30,148.43687374749499,-9.114466333333335e-05,7.692218217061252e-07,-6.958578333333333e-05,8.476176450630425e-08,1.0,0.0001
31,152.38476953907815,-9.942549e-05,8.676119687010622e-07,-6.865893666666667e-05,8.713929646771714e-08,1.0,0.0002
32,156.3326653306613,-0.0001087447,1.523159614091708e-06,-6.792642333333334e-05,9.108408819449304e-08,0.3,0.0002
33,160.2805611222445,-0.00011845583333333335,1.2963044416939854e-06,-6.745678333333332e-05,3.531365253772888e-08,0.3,0.0002
34,164.22845691382767,-0.00012674996666666666,1.119535513306995e-06,-6.741580666666666e-05,1.0771348827125133e-08,0.3,0.0002
35,168.17635270541084,-0.00013405553333333334,1.025015113167713e-06,-6.749154666666667e-05,2.0601176881159776e-08,0.3,0.0002
36,172.124248496994,-0.00014094456666666669,9.7884202618309e-07,-6.769791333333333e-05,2.9944991048402495e-08,0.3,0.0002
37,176.07214428857716,-0.00014772043333333333,9.709370622696867e-07,-6.782634333333333e-05,1.35688290659963e-08,0.3,0.0002
38,180.02004008016033,-0.00015435036666666666,9.618292462224699e-07,-6.777289666666667e-05,3.829315285471537e-09,0.3,0.0002
39,183.9679358717435,-0.00016105560000000002,9.71409580626697e-07,-6.770486e-05,5.99853315402993e-09,0.3,0.0002
40,187.91583166332666,-0.00016769956666666666,9.764776728402709e-07,-6.766687e-05,1.1612928140653712e-08,0.3,0.0002
41,191.86372745490982,-0.0001744898333333333,9.934718946983632e-07,-6.765346000000002e-05,1.2107287061930611e-08,0.3,0.0002
42,195.81162324649299,-0.0001813444333333333,1.006051810572177e-06,-6.741779333333332e-05,4.566840580630121e-08,0.3,0.0002
43,199.75951903807615,-0.00018850923333333335,1.046805511491459e-06,-6.698539666666666e-05,6.485333958675868e-08,0.3,0.0002
44,203.7074148296593,-0.0001969747333333333,1.1411117658766903e-06,-6.703059e-05,3.043727265486418e-08,0.3,0.0002
45,207.6553106212425,-0.00020500613333333332,9.687896824847457e-07,-6.644770666666667e-05,1.1457355987409232e-07,0.3,0.0005
46,211.60320641282567,-0.00021165310000000002,9.799476635684823e-07,-6.556758666666667e-05,1.2873538682981482e-07,0.3,0.0005
47,215.55110220440883,-0.00021852943333333335,1.0185766763261142e-06,-6.466752666666667e-05,1.2400365299278658e-07,0.3,0.0005
48,219.498997995992,-0.00022569986666666668,1.0613486305430234e-06,-6.377243999999999e-05,1.308333000424582e-07,0.3,0.0005
49,223.44689378757516,-0.00023316233333333335,1.1017522508360145e-06,-6.281881000000001e-05,1.4379003060017718e-07,0.3,0.0005
50,227.39478957915833,-0.0002408613,1.1315807866284532e-06,-6.173500666666667e-05,1.5801182853051035e-07,0.3,0.0005
51,231.3426853707415,-0.00024871016666666666,1.1463241276164243e-06,-6.059034666666667e-05,1.6877974944353445e-07,0.3,0.0005
52,235.29058116232466,-0.0002567408666666667,1.168082010058465e-06,-5.9312816666666656e-05,1.8763283309579755e-07,0.3,0.0005
53,239.23847695390782,-0.0002648978333333333,1.193484117568763e-06,-5.788428333333334e-05,2.1018644910861645e-07,0.3,0.0005
54,243.18637274549098,-0.0002730934333333333,1.1882971200653273e-06,-5.6465689999999996e-05,2.0938645825363217e-07,0.3,0.0005
55,247.13426853707415,-0.00028144410000000003,1.2168531916381695e-06,-5.487623333333334e-05,2.3831720784608825e-07,0.3,0.0005
56,251.0821643286573,-0.00028985430000000003,1.2192055924521774e-06,-5.325302666666667e-05,2.354933359755406e-07,0.3,0.0005
57,255.03006012024048,-0.0002983459666666666,1.2420161964411814e-06,-5.156719333333334e-05,2.5767685697831336e-07,0.3,0.0005
58,258.97795591182364,-0.0003068833666666667,1.242436248755736e-06,-4.9668780000000007e-05,2.808798205638849e-07,0.3,0.0005
59,262.9258517034068,-0.00031564246666666667,1.274936958790075e-06,-4.766010666666667e-05,3.013423932266344e-07,0.3,0.0005
60,266.87374749498997,-0.0003244645666666667,1.2869764743597928e-06,-4.5520303333333337e-05,3.2048126984618376e-07,0.3,0.0005
61,270.82164328657313,-0.0003333228333333333,1.2974431543959427e-06,-4.324836666666666e-05,3.2690326839737925e-07,0.3,0.0005
62,274.7695390781563,-0.0003423265,1.3087233919612953e-06,-4.086418333333334e-05,3.5128394600696237e-07,0.3,0.0005
63,278.71743486973946,-0.0003514109333333332,1.3376553600319581e-06,-3.8378670000000004e-05,3.653037623220803e-07,0.3,0.0005
64,282.6653306613226,-0.00036056940000000007,1.3334792486824366e-06,-3.580474333333333e-05,3.7772798209234646e-07,0.3,0.0005
65,286.61322645290585,-0.00036974750000000003,1.3423803174460904e-06,-3.310465666666666e-05,3.9584467971106543e-07,0.3,0.0005
66,290.561122244489,-0.00037907459999999996,1.3590622894726558e-06,-3.029222e-05,4.1146240281869433e-07,0.3,0.0005
67,294.5090180360722,-0.00038843043333333335,1.3633418911711804e-06,-2.7354676666666668e-05,4.292552439464841e-07,0.3,0.0005
68,298.45691382765534,-0.00039794529999999997,1.3832358957651941e-06,-2.423735666666667e-05,4.5150207063632474e-07,0.3,0.0005
69,302.4048096192385,-0.00040753179999999993,1.3938999342372657e-06,-2.112698e-05,4.555918958892922e-07,0.3,0.0005
70,306.35270541082167,-0.0004172403,1.407112602696272e-06,-1.7888469999999998e-05,4.751344821205886e-07,0.3,0.0005
71,310.30060120240483,-0.0004269539333333333,1.4259635790892041e-06,-1.4541603333333335e-05,5.000519856197176e-07,0.3,0.0005
72,314.248496993988,-0.0004368076,1.4304532521780192e-06,-1.0942483333333332e-05,5.276553901195573e-07,0.3,0.0005
73,318.19639278557116,-0.00044667810000000003,1.427213493723577e-06,-7.309555333333333e-06,5.256337979730332e-07,0.3,0.0005
74,322.1442885771543,-0.00045658236666666657,1.4655703209179543e-06,-3.5802733333333333e-06,5.560006350615878e-07,0.3,0.0005
75,326.0921843687375,-0.00046652243333333333,1.4349611535585956e-06,3.3676838333333333e-07,5.685514524367566e-07,0.3,0.0005
76,330.04008016032066,-0.00047652506666666665,1.4643998528028096e-06,4.323349666666667e-06,5.905087509172822e-07,0.3,0.0005
77,333.9879759519038,-0.00048664933333333334,1.4751125004178175e-06,8.476829e-06,6.100759988577926e-07,0.3,0.0005
78,337.935871743487,-0.0004968153666666667,1.4812847235498752e-06,1.270777e-05,6.23407300860895e-07,0.3,0.0005
79,341.88376753507015,-0.0005082803333333333,1.4851272972001134e-06,1.7541756666666668e-05,6.327036692814596e-07,0.3,0.001
80,345.8316633266533,-0.0005183913333333334,1.450557096045814e-06,2.1944563333333335e-05,6.494964903591775e-07,0.3,0.001
81,349.7795591182365,-0.0005284902999999999,1.5482826647611888e-06,2.6788433333333333e-05,7.108913022084004e-07,0.3,0.001
82,353.72745490981964,-0.0005390383,1.488856119083807e-06,3.123702e-05,6.533070051157677e-07,0.3,0.001
83,357.6753507014028,-0.0005492406666666666,1.484541238527533e-06,3.600144e-05,7.040683738577293e-07,0.3,0.001
84,361.62324649298597,-0.0005595721333333333,1.5124564067179586e-06,4.093869e-05,7.24812306439858e-07,0.3,0.001
85,365.57114228456913,-0.0005700406666666667,1.526419368616941e-06,4.5983230000000006e-05,7.405965181977744e-07,0.3,0.001
86,369.5190380761523,-0.0005806582333333333,1.541833533672034e-06,5.123837333333333e-05,7.718734503070367e-07,0.3,0.001
87,373.46693386773546,-0.0005912877,1.5443509348590374e-06,5.668027666666666e-05,7.963982658123313e-07,0.3,0.001
88,377.4148296593186,-0.0006019510333333334,1.5628457267291503e-06,6.222372666666668e-05,8.14369404686158e-07,0.3,0.001
89,381.3627254509018,-0.0006126997333333334,1.5564272963710487e-06,6.788817000000001e-05,8.243917984995568e-07,0.3,0.001
90,385.310621242485,-0.0006235676333333333,1.5884042617951073e-06,7.365392666666665e-05,8.40709244996285e-07,0.3,0.001
91,389.2585170340682,-0.0006345130333333332,1.577808363592428e-06,7.958260666666669e-05,8.592282304228337e-07,0.3,0.001
92,393.20641282565134,-0.0006454684000000001,1.5876955333648339e-06,8.563047999999998e-05,8.886857042471952e-07,0.3,0.001
93,397.1543086172345,-0.0006564595,1.595006327051198e-06,9.183731333333334e-05,9.012829306913311e-07,0.3,0.001
94,401.10220440881767,-0.0006675300333333334,1.6158630817271895e-06,9.817328666666665e-05,9.250473331072785e-07,0.3,0.001
95,405.05010020040083,-0.0006786344,1.6153262539396387e-06,0.00010463849999999999,9.499135311525286e-07,0.3,0.001
96,408.997995991984,-0.0006897268333333333,1.6061776382317065e-06,0.00011117306666666665,9.575068296826343e-07,0.3,0.001
97,412.94589178356716,-0.000700853,1.6156494050381148e-06,0.00011784086666666667,9.74126471369207e-07,0.3,0.001
98,416.8937875751503,-0.0007120328333333334,1.6373232033481513e-06,0.0001247098,1.0022129647268901e-06,0.3,0.001
99,420.8416833667335,-0.0007232067666666667,1.6268104106570734e-06,0.00013169933333333333,1.0180530547187712e-06,0.3,0.001
100,424.78957915831666,-0.0007343886,1.6308898716140683e-06,0.00013881216666666667,1.0420664112980342e-06,0.3,0.001
101,428.7374749498998,-0.0007456340000000001,1.6486050264794622e-06,0.0001461296666666667,1.0582527528378494e-06,0.3,0.001
102,432.685370741483,-0.0007570105333333332,1.6563471804613475e-06,0.00015357823333333334,1.083985137761992e-06,0.3,0.001
103,436.63326653306615,-0.0007683394,1.6455254601494382e-06,0.00016105860000000002,1.0897985930131e-06,0.3,0.001
104,440.5811623246493,-0.0007794576999999999,1.620509388021756e-06,0.00016858273333333331,1.0936445776495316e-06,0.3,0.001
105,444.5290581162325,-0.0007909136666666666,1.684850979232964e-06,0.00017623203333333332,1.124932723420481e-06,0.3,0.001
106,448.47695390781564,-0.0008024768666666668,1.6752099118883198e-06,0.00018414753333333332,1.1527898546087616e-06,0.3,0.001
107,452.4248496993988,-0.0008141554666666666,1.6954587134132387e-06,0.00019232926666666668,1.189374315437416e-06,0.3,0.001
108,456.37274549098197,-0.0008256314,1.6430378084511546e-06,0.0002005824666666667,1.1939493773002096e-06,0.3,0.001
109,460.32064128256513,-0.0008369880333333333,1.6467673278949297e-06,0.0002088178,1.196183358296992e-06,0.3,0.001
110,464.2685370741483,-0.0008483705,1.6537646497209588e-06,0.0002171725,1.2243907804836369e-06,0.3,0.001
111,468.21643286573146,-0.0008597947666666667,1.6608614367918343e-06,0.00022579126666666665,1.262429111761221e-06,0.3,0.001
112,472.1643286573146,-0.0008712468,1.6683492520052994e-06,0.0002345314,1.2707414003906033e-06,0.3,0.001
113,476.1122244488978,-0.000882838,1.6895826506369396e-06,0.00024339283333333332,1.299003132747913e-06,0.3,0.001
114,480.06012024048096,-0.0008943913666666668,1.6809350271666016e-06,0.0002523064666666667,1.3042011279792032e-06,0.3,0.001
115,484.0080160320641,-0.0009060262000000001,1.6806620203558626e-06,0.00026137240000000003,1.3206393552619384e-06,0.3,0.001
116,487.95591182364734,-0.0009175278999999999,1.6623638059502313e-06,0.0002705929666666667,1.3347912067269408e-06,0.3,0.001
117,491.9038076152305,-0.0009290453999999999,1.6736152006957927e-06,0.00027994496666666665,1.3709814606899542e-06,0.3,0.001
118,495.85170340681367,-0.0009406187666666667,1.6899917097101114e-06,0.00028948183333333334,1.3973022122011497e-06,0.3,0.001
119,499.79959919839683,-0.0009521700666666666,1.679448499425396e-06,0.0002990920666666667,1.4061728422289407e-06,0.3,0.001
120,503.74749498998,-0.0009665129333333334,4.046485684585532e-06,0.00031120763333333324,3.4426874626598888e-06,0.1,0.001
121,507.69539078156316,-0.0009834483666666667,3.1054372368834506e-06,0.00032587246666666674,2.7085679578371747e-06,0.1,0.001
122,511.6432865731463,-0.0009972249666666665,3.0490230400718293e-06,0.0003380517,2.7352077087490076e-06,0.1,0.002
123,515.5911823647295,-0.0010094876666666666,2.3575293329151983e-06,0.00034933273333333334,2.0811858628088816e-06,0.1,0.002
124,519.5390781563126,-0.0010208996666666666,2.4398749740281535e-06,0.0003594457,2.1567135515254062e-06,0.1,0.002
125,523.4869739478959,-0.0010326933333333333,2.4379804939516712e-06,0.0003699082666666667,2.1948224519435654e-06,0.1,0.002
126,527.4348697394789,-0.001044102333333333,2.4014630031619382e-06,0.00038048213333333333,2.231741065227375e-06,0.1,0.002
127,531.3827655310622,-0.0010554583333333334,2.418146788118716e-06,0.0003913341,2.276248190187826e-06,0.1,0.002
128,535.3306613226453,-0.0010669823333333335,2.426983976507106e-06,0.000402067,2.2816073866173077e-06,0.1,0.002
129,539.2785571142285,-0.001078518,2.403593698333116e-06,0.0004131336333333333,2.326142751184651e-06,0.1,0.002
130,543.2264529058117,-0.001089946,2.410493172222926e-06,0.0004243511666666667,2.357437748677341e-06,0.1,0.002
131,547.1743486973949,-0.0011014023333333334,2.3981516261951067e-06,0.0004357158666666667,2.3896252528145294e-06,0.1,0.002
132,551.122244488978,-0.0011131079999999998,2.4314075484514474e-06,0.0004471121666666667,2.429426270862227e-06,0.1,0.002
133,555.0701402805612,-0.0011244773333333332,2.3466698863614346e-06,0.0004586994,2.4082973183004914e-06,0.1,0.002
134,559.0180360721444,-0.001135841333333333,2.39839631605972e-06,0.00047038980000000004,2.479556430762026e-06,0.1,0.002
135,562.9659318637275,-0.0011472020000000002,2.381148742379046e-06,0.00048215576666666663,2.4969074830455563e-06,0.1,0.002
136,566.9138276553107,-0.0011585906666666667,2.3832106262118346e-06,0.0004942891666666667,2.530200678251076e-06,0.1,0.002
137,570.8617234468938,-0.001169864,2.3711594913318992e-06,0.0005062975333333333,2.5365343907693293e-06,0.1,0.002
138,574.809619238477,-0.0011811449999999995,2.3759710295652527e-06,0.0005183932666666666,2.5744171241057395e-06,0.1,0.002
139,578.7575150300602,-0.001192347,2.340503008614458e-06,0.0005309181666666667,2.608014226486423e-06,0.1,0.002
140,582.7054108216433,-0.0012035046666666667,2.375018222152298e-06,0.0005433637,2.6263238839361273e-06,0.1,0.002
141,586.6533066132265,-0.0012147936666666666,2.3600402303539085e-06,0.0005559243999999999,2.611258593092611e-06,0.1,0.002
142,590.6012024048097,-0.0012261823333333333,2.389455563279812e-06,0.0005687750333333333,2.68422594035765e-06,0.1,0.002
143,594.5490981963928,-0.001237384,2.36196895266076e-06,0.0005816576666666667,2.7153222317474963e-06,0.1,0.002
144,598.496993987976,-0.001248482,2.315955382414208e-06,0.0005946117000000001,2.69896495160645e-06,0.1,0.002
145,602.4448897795592,-0.0012595889999999998,2.3392097668514693e-06,0.0006076095666666667,2.7630269474296194e-06,0.1,0.002
146,606.3927855711423,-0.0012706473333333333,2.321209359124864e-06,0.0006208456666666667,2.787524939599447e-06,0.1,0.002
147,610.3406813627255,-0.0012817853333333333,2.34249117157117e-06,0.0006340461333333333,2.79691534532043e-06,0.1,0.002
148,614.2885771543087,-0.0012928563333333332,2.295253774398145e-06,0.0006476360666666667,2.8431051326948134e-06,0.1,0.002
149,618.2364729458918,-0.001303827,2.3094749042440985e-06,0.0006612815333333334,2.87757738075316e-06,0.1,0.002
150,622.184368737475,-0.0013146513333333334,2.275610882573935e-06,0.0006747877999999999,2.8499837356261117e-06,0.1,0.002
151,626.1322645290581,-0.0013254956666666666,2.293487422148981e-06,0.0006886082666666667,2.94438868509049e-06,0.1,0.002
152,630.0801603206413,-0.001336295666666667,2.2815881651945063e-06,0.0007025716333333332,2.9215711923932687e-06,0.1,0.002
153,634.0280561122245,-0.0013473230000000003,2.3040126591087384e-06,0.0007167376333333334,2.972495477802369e-06,0.1,0.002
154,637.9759519038076,-0.0013582066666666668,2.2381142856332307e-06,0.0007310546333333333,2.9361240832468643e-06,0.1,0.002
155,641.9238476953908,-0.0013688043333333335,2.2368902272773545e-06,0.0007452962666666665,2.999022050972989e-06,0.1,0.002
156,645.871743486974,-0.0013795053333333332,2.237274731056103e-06,0.0007597205333333333,3.032557245772771e-06,0.1,0.002
157,649.8196392785571,-0.001390163,2.2350289334443395e-06,0.0007737872333333333,2.8664641713364565e-06,0.1,0.002
158,653.7675350701403,-0.0014005973333333335,2.2175796616030595e-06,0.0007880725000000001,3.130518090774547e-06,0.1,0.002
159,657.7154308617235,-0.001411215,2.2159915011870694e-06,0.0008032041333333335,3.153817747147447e-06,0.1,0.002
160,661.6633266533066,-0.0014215986666666666,2.1544399633212176e-06,0.0008180894,3.100616214023693e-06,0.1,0.002
161,665.6112224448898,-0.001432144,2.2251166261569193e-06,0.0008331931666666664,3.203443314969411e-06,0.1,0.002
162,669.559118236473,-0.001442356,2.1700377876894293e-06,0.0008483606333333333,3.1731684111555566e-06,0.1,0.002
163,673.5070140280561,-0.001452843,2.1617418131374213e-06,0.0008634723666666666,3.184965143538572e-06,0.1,0.002
164,677.4549098196393,-0.0014629873333333334,2.1280772751215677e-06,0.0008786318,3.191576124738368e-06,0.1,0.002
165,681.4028056112224,-0.0014731996666666667,2.180239258022432e-06,0.000894133,3.254487578713439e-06,0.1,0.002
166,685.3507014028056,-0.0014833923333333334,2.1221666339432925e-06,0.0009098527333333332,3.2682844422656306e-06,0.1,0.002
167,689.2985971943888,-0.0014932863333333333,2.0985431189809224e-06,0.0009253101333333332,3.2438170081282595e-06,0.1,0.002
168,693.2464929859719,-0.0015033083333333332,2.115301528282793e-06,0.0009408512,3.311299346178185e-06,0.1,0.002
169,697.1943887775551,-0.001513413333333333,2.115372832912012e-06,0.0009567059666666667,3.298647576238208e-06,0.1,0.002
170,701.1422845691383,-0.0015234066666666667,2.087004764941588e-06,0.0009726011,3.3621535593525003e-06,0.1,0.002
171,705.0901803607214,-0.0015332616666666667,2.0715631510743183e-06,0.0009888167333333333,3.3776342207066983e-06,0.1,0.002
172,709.0380761523046,-0.0015431160000000002,2.0746109675471025e-06,0.0010049574666666666,3.428806485580008e-06,0.1,0.002
173,712.9859719438878,-0.0015527126666666667,1.9902410797578243e-06,0.0010211186666666666,3.322433579304317e-06,0.1,0.002
174,716.9338677354709,-0.0015621893333333332,1.992999303116335e-06,0.0010373073333333333,3.3496307590870754e-06,0.1,0.002
175,720.8817635270541,-0.0015718013333333334,1.991613639461456e-06,0.0010536026666666666,3.397529429191481e-06,0.1,0.002
176,724.8296593186373,-0.0015812509999999999,1.9769038924540603e-06,0.0010700656666666666,3.422965267457759e-06,0.1,0.002
177,728.7775551102204,-0.0015906253333333332,1.9633419354650246e-06,0.0010865526666666667,3.4805573627733105e-06,0.1,0.002
178,732.7254509018036,-0.0016002330000000002,1.991589231409587e-06,0.0011034603333333333,3.535414622863303e-06,0.1,0.002
179,736.6733466933867,-0.0016095789999999999,1.9373011295786436e-06,0.0011204039999999998,3.5251067123327375e-06,0.1,0.002
180,740.62124248497,-0.0016188656666666667,1.934920641496402e-06,0.001137328,3.5407695961941936e-06,0.1,0.002
181,744.5691382765532,-0.0016280643333333332,1.919763324533058e-06,0.0011543310000000002,3.564846279995822e-06,0.1,0.002
182,748.5170340681364,-0.0016371126666666668,1.9018516123913326e-06,0.0011713816666666665,3.5589175164492162e-06,0.1,0.002
183,752.4649298597195,-0.0016463116666666669,1.8799185857076039e-06,0.0011888736666666665,3.594180002293827e-06,0.1,0.002
184,756.4128256513027,-0.001655137,1.8764668040406904e-06,0.0012060676666666669,3.6094281018219856e-06,0.1,0.002
185,760.3607214428858,-0.0016640616666666668,1.8875064385467847e-06,0.0012234243333333332,3.634536819030544e-06,0.1,0.002
186,764.308617234469,-0.001673046,1.870740673280671e-06,0.001240952,3.663122893561336e-06,0.1,0.002
187,768.2565130260522,-0.001681959,1.8408790472670146e-06,0.0012586506666666666,3.6528846439796344e-06,0.1,0.002
188,772.2044088176353,-0.0016905776666666665,1.7944519745284223e-06,0.0012762463333333336,3.673702476914662e-06,0.1,0.002
189,776.1523046092185,-0.0016990656666666666,1.7904239411069379e-06,0.0012940086666666665,3.7168667210733325e-06,0.1,0.002
190,780.1002004008017,-0.001707855,1.805797607706926e-06,0.0013120253333333335,3.7490992103289348e-06,0.1,0.002
191,784.0480961923848,-0.0017163546666666668,1.7526394064064957e-06,0.001329799,3.666163617007111e-06,0.1,0.002
192,787.995991983968,-0.0017248230000000001,1.7423856251320034e-06,0.00134774,3.736228044431945e-06,0.1,0.002
193,791.9438877755512,-0.0017331473333333331,1.7389900006101853e-06,0.0013659276666666668,3.7946081776939952e-06,0.1,0.002
194,795.8917835671343,-0.0017412893333333334,1.6861433970915795e-06,0.00138423,3.805428578579113e-06,0.1,0.002
195,799.8396793587175,-0.001749432,1.6870297369440021e-06,0.001402374,3.779056848827067e-06,0.1,0.002
196,803.7875751503007,-0.0017574823333333335,1.6768595316510162e-06,0.0014208593333333334,3.850726280701962e-06,0.1,0.002
197,807.7354709418838,-0.0017654573333333332,1.6660630907088126e-06,0.001439173666666667,3.84080849417004e-06,0.1,0.002
198,811.683366733467,-0.0017734283333333332,1.6802243567121938e-06,0.001457782,3.869659244257377e-06,0.1,0.002
199,815.6312625250501,-0.001781245,1.642406263180137e-06,0.0014764066666666665,3.889377270920858e-06,0.1,0.002
200,819.5791583166333,-0.0017889416666666664,1.6054450750146791e-06,0.001495047,3.874187355648475e-06,0.1,0.002
201,823.5270541082165,-0.0017966663333333333,1.6098912661695194e-06,0.001513767,3.899560787234054e-06,0.1,0.002
202,827.4749498997996,-0.0018043116666666666,1.6015827241270688e-06,0.001532677,3.924982505268869e-06,0.1,0.002
203,831.4228456913828,-0.0018118810000000002,1.5543752228253404e-06,0.0015515400000000003,3.968769750607026e-06,0.1,0.002
204,835.370741482966,-0.0018193993333333331,1.550451403803263e-06,0.001570804,3.961998317347788e-06,0.1,0.002
205,839.3186372745491,-0.0018268426666666665,1.5211156724223467e-06,0.0015900006666666668,4.000172440727459e-06,0.1,0.002
206,843.2665330661323,-0.0018338516666666668,1.4581657046516578e-06,0.0016088833333333333,3.938933301739903e-06,0.1,0.002
207,847.2144288577155,-0.001840952333333333,1.5174137720330545e-06,0.0016282073333333334,4.054444420084649e-06,0.1,0.002
208,851.1623246492986,-0.0018481963333333332,1.4649834659666071e-06,0.0016476546666666664,4.031155941193805e-06,0.1,0.002
209,855.1102204408818,-0.0018554446666666667,1.4776461762621839e-06,0.0016669703333333332,4.034723851214051e-06,0.1,0.002
210,859.058116232465,-0.0018621873333333335,1.398937533352454e-06,0.0016863499999999999,4.031554704246648e-06,0.1,0.002
211,863.0060120240481,-0.0018688516666666667,1.410593452731459e-06,0.0017057333333333332,4.0589410222645675e-06,0.1,0.002
212,866.9539078156313,-0.0018757893333333335,1.419572549122522e-06,0.0017255826666666666,4.0968117142751724e-06,0.1,0.002
213,870.9018036072144,-0.0018824933333333332,1.3867812452662702e-06,0.0017450966666666663,4.088036475158006e-06,0.1,0.002
214,874.8496993987976,-0.001889069,1.3619602294731857e-06,0.0017647266666666668,4.073899306015756e-06,0.1,0.002
215,878.7975951903808,-0.0018953993333333332,1.322114299984013e-06,0.001784471,4.1032225953104925e-06,0.1,0.002
216,882.7454909819639,-0.0019017253333333333,1.3474636255655454e-06,0.0018043236666666668,4.124152020584224e-06,0.1,0.002
217,886.6933867735471,-0.0019080199999999999,1.3112691053581216e-06,0.0018242233333333334,4.157994976214179e-06,0.1,0.002
218,890.6412825651303,-0.001914142666666667,1.2895346275131769e-06,0.0018439563333333335,4.11014394178869e-06,0.1,0.002
219,894.5891783567134,-0.001920155,1.2709569885195575e-06,0.0018638643333333334,4.155798907016029e-06,0.1,0.002
220,898.5370741482966,-0.0019262943333333334,1.287039712760329e-06,0.001883932333333333,4.178941399711446e-06,0.1,0.002
221,902.4849699398798,-0.0019324496666666667,1.2486565669639557e-06,0.0019043116666666664,4.227515490476933e-06,0.1,0.002
222,906.4328657314629,-0.0019383023333333334,1.237884440846116e-06,0.001924498666666667,4.196313249614373e-06,0.1,0.002
223,910.3807615230461,-0.0019440843333333334,1.1834009839817021e-06,0.0019447443333333334,4.201058345491329e-06,0.1,0.002
224,914.3286573146293,-0.0019499056666666666,1.224512646820044e-06,0.00196516,4.2627878201946706e-06,0.1,0.002
225,918.2765531062124,-0.0019556946666666668,1.1573640548917963e-06,0.0019857353333333333,4.221447408439699e-06,0.1,0.002
226,922.2244488977956,-0.0019617593333333336,1.1757435472452905e-06,0.002009164333333333,4.656990217821928e-06,0.1,0.005
227,926.1723446893787,-0.0019666346666666664,1.0423458585752496e-06,0.002028043,3.873639244947825e-06,0.1,0.005
228,930.1202404809619,-0.0019718719999999995,1.1164628669746914e-06,0.0020474903333333335,4.111395126826017e-06,0.1,0.005
229,934.0681362725451,-0.0019770689999999997,1.0726302562703924e-06,0.002067644333333333,4.2314494627202684e-06,0.1,0.005
230,938.0160320641282,-0.0019822669999999994,1.0830917166457536e-06,0.002088156666666667,4.307900751977566e-06,0.1,0.005
231,941.9639278557115,-0.0019871543333333332,1.0334108035475969e-06,0.0021087083333333335,4.26846192699694e-06,0.1,0.005
232,945.9118236472947,-0.0019918669999999996,1.0057274315969857e-06,0.0021292119999999997,4.305217299974556e-06,0.1,0.005
233,949.8597194388778,-0.0019971446666666665,1.1461987417353276e-06,0.0021500016666666667,4.200586533119186e-06,0.1,0.005
234,953.807615230461,-0.002001873333333333,9.384182910029457e-07,0.0021702356666666667,4.324058805746735e-06,0.1,0.005
235,957.7555110220442,-0.0020064666666666665,9.482592238178105e-07,0.0021914476666666668,4.434441478046812e-06,0.1,0.005
236,961.7034068136273,-0.0020109969999999996,9.279911996709258e-07,0.002212643,4.3823465175633655e-06,0.1,0.005
237,965.6513026052105,-0.0020154233333333333,9.101697033459763e-07,0.0022338460000000003,4.3509091770188235e-06,0.1,0.005
238,969.5991983967937,-0.002019953,9.100152013382401e-07,0.0022546913333333337,4.3114063701869545e-06,0.1,0.005
239,973.5470941883768,-0.0020239736666666664,8.400733433588678e-07,0.002275648333333333,4.376855098761612e-06,0.1,0.005
240,977.49498997996,-0.0020280663333333334,8.881234273580559e-07,0.0022965183333333336,4.364108983770043e-06,0.1,0.005
241,981.4428857715432,-0.0020321516666666666,8.726781893815676e-07,0.0023176023333333334,4.466281587878488e-06,0.1,0.005
242,985.3907815631263,-0.0020362363333333335,8.651068655887904e-07,0.0023390993333333335,4.407722717635e-06,0.1,0.005
243,989.3386773547095,-0.002040416666666667,8.273867831243041e-07,0.0023604543333333337,4.457728631888201e-06,0.1,0.005
244,993.2865731462927,-0.0020441839999999997,7.90462311983738e-07,0.002381784333333333,4.403717886311789e-06,0.1,0.005
245,997.2344689378758,-0.0020477693333333337,7.424910025642268e-07,0.0024030116666666664,4.424036681081578e-06,0.1,0.005
246,1001.182364729459,-0.002051519,7.945327767520683e-07,0.0024244536666666663,4.4590652857097894e-06,0.1,0.005
247,1005.1302605210421,-0.0020552866666666662,7.613774067803043e-07,0.0024459753333333336,4.431552574687835e-06,0.1,0.005
248,1009.0781563126253,-0.002058640333333333,6.812610039886224e-07,0.0024674329999999998,4.439231277297151e-06,0.1,0.005
249,1013.0260521042085,-0.0020617716666666663,6.686707377742713e-07,0.002488810666666667,4.4674399330663275e-06,0.1,0.005
250,1016.9739478957916,-0.002065037666666667,6.842791016016959e-07,0.0025103086666666673,4.487512847397278e-06,0.1,0.005
251,1020.9218436873748,-0.0020680566666666667,6.489547150782051e-07,0.0025317499999999997,4.420150826989204e-06,0.1,0.005
252,1024.8697394789579,-0.0020712050000000004,6.612198323300563e-07,0.0025532949999999993,4.5312204022022215e-06,0.1,0.005
253,1028.8176352705411,-0.002074407,6.529019834553845e-07,0.0025751423333333335,4.5379317486665e-06,0.1,0.005
254,1032.7655310621244,-0.0020774586666666667,5.955150898358689e-07,0.0025969653333333333,4.504308110637558e-06,0.1,0.005
255,1036.7134268537075,-0.00208005,5.448669562379411e-07,0.0026184389999999997,4.476755782185687e-06,0.1,0.005
256,1040.6613226452905,-0.0020826093333333336,5.588018929420529e-07,0.002639928666666667,4.493986896089278e-06,0.1,0.005
257,1044.6092184368738,-0.002085216,5.654237349104104e-07,0.002661672333333333,4.511288569306478e-06,0.1,0.005
258,1048.557114228457,-0.0020877343333333335,4.984153778615605e-07,0.0026832410000000003,4.522030775363364e-06,0.1,0.005
259,1052.5050100200401,-0.002090382,5.143824776693824e-07,0.0027051516666666674,4.573941468313281e-06,0.1,0.005
260,1056.4529058116234,-0.002092439,4.549384573764233e-07,0.0027269036666666656,4.513534818250064e-06,0.1,0.005
261,1060.4008016032064,-0.0020945153333333335,4.618349873661906e-07,0.002748551666666667,4.538897871608136e-06,0.1,0.005
262,1064.3486973947897,-0.002096572,4.796832288082994e-07,0.002770598,4.5363049574148625e-06,0.1,0.005
263,1068.2965931863728,-0.0020985046666666665,3.83820559926402e-07,0.0027922299999999997,4.5051119112995456e-06,0.1,0.005
264,1072.244488977956,-0.002100641333333334,4.462117085968088e-07,0.002814244333333333,4.550250310575113e-06,0.1,0.005
265,1076.192384769539,-0.002102494,4.000799920016636e-07,0.0028360043333333328,4.569532932611631e-06,0.1,0.005
266,1080.1402805611224,-0.0021041786666666667,3.7353922893794865e-07,0.002858121,4.5976706783616456e-06,0.1,0.005
267,1084.0881763527054,-0.0021058229999999997,3.861877781597738e-07,0.0028801116666666666,4.453701893431537e-06,0.1,0.005
268,1088.0360721442887,-0.0021073506666666668,3.222104212398657e-07,0.002902276,4.618726086992677e-06,0.1,0.005
269,1091.9839679358718,-0.0021087420000000003,2.804567702873861e-07,0.002924235,4.527961829933351e-06,0.1,0.005
270,1095.931863727455,-0.002110084,2.696367927416797e-07,0.0029461690000000002,4.591639757936883e-06,0.1,0.005
271,1099.879759519038,-0.002111266,2.8182263926084566e-07,0.0029682470000000002,4.516436759216274e-06,0.1,0.005
272,1103.8276553106214,-0.002112458,2.501519538200571e-07,0.0029901970000000004,4.584009998534784e-06,0.1,0.005
273,1107.7755511022044,-0.0021136996666666673,2.2492196177540347e-07,0.003012385333333334,4.5300476328131066e-06,0.1,0.005
274,1111.7234468937877,-0.002114566,1.7453939383422948e-07,0.003034502666666667,4.610145285731842e-06,0.1,0.005
275,1115.6713426853707,-0.0021154999999999998,2.0552372125872132e-07,0.0030567160000000006,4.553627564920081e-06,0.1,0.005
276,1119.619238476954,-0.002116148,1.656985214176325e-07,0.0030787216666666667,4.5792292534394325e-06,0.1,0.005
277,1123.567134268537,-0.0021168533333333333,1.0842303978190673e-07,0.00310076,4.5455392052721734e-06,0.1,0.005
278,1127.5150300601204,-0.002117346,1.061319932915096e-07,0.0031228136666666666,4.61291338406531e-06,0.1,0.005
279,1131.4629258517034,-0.0021178020000000002,1.1565465835834779e-07,0.0031450819999999996,4.613374325444098e-06,0.1,0.005
280,1135.4108216432867,-0.0021182293333333333,1.2938143435421732e-07,0.003167159333333333,4.608348173574704e-06,0.1,0.005
281,1139.3587174348697,-0.002118632,8.158431221744232e-08,0.003189340333333333,4.615506821815156e-06,0.1,0.005
282,1143.306613226453,-0.0021186,4.336808689942018e-19,0.003211473333333333,4.641237143501917e-06,0.1,0.005
283,1147.254509018036,-0.0021187520000000002,1.1565465835834779e-07,0.003233678666666666,4.583940614313791e-06,0.1,0.005
284,1151.2024048096193,-0.0021186,4.336808689942018e-19,0.003255771333333333,4.662799397596077e-06,0.1,0.005
285,1155.1503006012024,-0.002118984,1.1757550765374415e-07,0.0032783413333333324,4.5617531230389495e-06,0.1,0.005
286,1159.0981963927857,-0.0021190239999999997,1.0150862032372703e-07,0.003300324333333333,4.5456137710496e-06,0.1,0.005
287,1163.0460921843687,-0.002118968,1.1973303637692048e-07,0.0033225526666666666,4.609844490025887e-06,0.1,0.005
288,1166.993987975952,-0.002118504,1.1757550765353169e-07,0.0033445659999999998,4.556935081097092e-06,0.1,0.005
289,1170.941883767535,-0.0021178499999999997,1.2521980673998804e-07,0.0033667709999999997,4.672947214196474e-06,0.1,0.005
290,1174.8897795591183,-0.002117402,4.3081318457131574e-08,0.003389246333333333,4.671767319643489e-06,0.1,0.005
291,1178.8376753507014,-0.002116954333333333,9.408093442464301e-08,0.003411760666666666,4.634057209640626e-06,0.1,0.005
292,1182.7855711422847,-0.002116156,1.2289833196586987e-07,0.003433847,4.5425955502700516e-06,0.1,0.005
293,1186.7334669338677,-0.00211554,1.9677398202004416e-07,0.003456186,4.647497964855228e-06,0.1,0.005
294,1190.681362725451,-0.002114726,1.9530488985163817e-07,0.0034785106666666665,4.62942756240507e-06,0.1,0.005
295,1194.629258517034,-0.0021136286666666665,2.4950261633012724e-07,0.0035007619999999997,4.610442784230899e-06,0.1,0.005
296,1198.5771543086173,-0.002112442333333333,2.529648636119554e-07,0.0035231346666666666,4.600554121214334e-06,0.1,0.005
297,1202.5250501002004,-0.0021111700000000003,2.707027890509719e-07,0.0035452673333333335,4.608779978355333e-06,0.1,0.005
298,1206.4729458917836,-0.0021101080000000003,2.5910615585125686e-07,0.003567527333333333,4.643092312481215e-06,0.1,0.005
299,1210.4208416833667,-0.002108566,3.1809432563321084e-07,0.0035895973333333335,4.628393481784171e-06,0.1,0.005
300,1214.36873747495,-0.002107232,2.7117522010691064e-07,0.003612056666666667,4.66541197418715e-06,0.1,0.005
301,1218.316633266533,-0.0021055693333333334,3.1665894727436575e-07,0.003634118333333333,4.580617922895948e-06,0.1,0.005
302,1222.2645290581163,-0.002104099333333333,3.551613092040624e-07,0.0036565926666666665,4.6391406771321035e-06,0.1,0.005
303,1226.2124248496993,-0.0021023739999999997,3.6625674055238203e-07,0.0036787026666666666,4.623648583340021e-06,0.1,0.005
304,1230.1603206412826,-0.0021006086666666667,3.587917997328389e-07,0.0037009146666666668,4.645385332659605e-06,0.1,0.005
305,1234.1082164328657,-0.0020987349999999996,3.6401236242743065e-07,0.003723215666666667,4.6643117987068035e-06,0.1,0.005
306,1238.056112224449,-0.0020968506666666662,3.864102598131604e-07,0.003745586,4.6009633773809e-06,0.1,0.005
307,1242.004008016032,-0.0020946583333333333,4.593116830891569e-07,0.0037677590000000003,4.598690646984882e-06,0.1,0.005
308,1245.9519038076153,-0.0020927486666666665,3.7180401049776555e-07,0.003790203333333333,4.640745869170392e-06,0.1,0.005
309,1249.8997995991986,-0.002090914,4.241037608887476e-07,0.003812352,4.460360523545163e-06,0.1,0.005
310,1253.8476953907816,-0.002088434,5.221340823964896e-07,0.0038342863333333333,4.595115873282069e-06,0.1,0.005
311,1257.795591182365,-0.002085898666666667,5.20369953868247e-07,0.003856419666666667,4.588791041464241e-06,0.1,0.005
312,1261.743486973948,-0.0020834269999999997,5.20577563865382e-07,0.0038786646666666663,4.678807350406944e-06,0.1,0.005
313,1265.6913827655312,-0.002080965,5.319445459820365e-07,0.0039008309999999996,4.5612354685984025e-06,0.1,0.005
314,1269.6392785571143,-0.0020781263333333336,6.172653850294946e-07,0.003923001333333333,4.62922220488737e-06,0.1,0.005
315,1273.5871743486975,-0.002075154666666667,5.747969689860732e-07,0.003944967333333333,4.549188157120867e-06,0.1,0.005
316,1277.5350701402806,-0.0020723173333333333,5.951186623037164e-07,0.003967013,4.631718291663825e-06,0.1,0.005
317,1281.4829659318639,-0.0020694959999999997,5.732573593073418e-07,0.003989225333333333,4.548545359660486e-06,0.1,0.005
318,1285.430861723447,-0.0020666263333333334,6.155511532133386e-07,0.004011533333333333,4.681261463418722e-06,0.1,0.005
319,1289.3787575150302,-0.0020636143333333337,6.324275101191969e-07,0.0040337463333333335,4.566433680188064e-06,0.1,0.005
320,1293.3266533066133,-0.0020604519999999995,6.675497484582198e-07,0.004055705333333333,4.539861035562919e-06,0.1,0.005
321,1297.2745490981965,-0.002057051,7.149515135075362e-07,0.004077702333333333,4.528074412914365e-06,0.1,0.005
322,1301.2224448897796,-0.002053586,6.993930702163315e-07,0.004099589333333333,4.636362750643588e-06,0.1,0.005
323,1305.1703406813629,-0.0020502153333333334,7.15931716172877e-07,0.0041217300000000005,4.6292461589334324e-06,0.1,0.005
324,1309.118236472946,-0.002046782,7.092738070261649e-07,0.004143872,4.641795916812108e-06,0.1,0.005
325,1313.0661322645292,-0.0020432156666666665,7.216632794377435e-07,0.004166005,4.599214969245668e-06,0.1,0.005
326,1317.0140280561122,-0.0020395106666666668,7.484692526899235e-07,0.004187987333333334,4.518453963716158e-06,0.1,0.005
327,1320.9619238476955,-0.0020357279999999997,7.819224172938055e-07,0.004209882333333333,4.5691054436898215e-06,0.1,0.005
328,1324.9098196392786,-0.002031897,7.769905619332586e-07,0.0042318320000000005,4.602966000308899e-06,0.1,0.005
329,1328.8577154308618,-0.0020282016666666666,7.832329722942594e-07,0.0042539579999999995,4.559493685341286e-06,0.1,0.005
330,1332.805611222445,-0.0020242676666666665,8.539386524933663e-07,0.004276098333333334,4.58208328407749e-06,0.1,0.005
331,1336.7535070140282,-0.002020151333333333,8.360372134194908e-07,0.004298057666666666,4.518722299746087e-06,0.1,0.005
332,1340.7014028056112,-0.0020161856666666665,8.775939962318405e-07,0.004320111,4.6223906873680085e-06,0.1,0.005
333,1344.6492985971945,-0.0020119736666666665,8.575798634659092e-07,0.004341965333333334,4.507681394636889e-06,0.1,0.005
334,1348.5971943887776,-0.002007531,9.307464746105439e-07,0.004363518666666667,4.5098142854101076e-06,0.1,0.005
335,1352.5450901803608,-0.0020030723333333334,8.867795040983306e-07,0.004385223,4.5490915943003045e-06,0.1,0.005
336,1356.4929859719439,-0.0019723406666666667,6.200041899499993e-06,0.00462113,4.793898253683182e-05,0.1,0.005
337,1360.4408817635272,-0.001972674,2.2622387141944315e-06,0.004602239666666667,2.176983486131416e-05,0.1,0.005
338,1364.3887775551102,-0.001980819666666667,8.671735056428053e-07,0.004520924,1.0124596650402094e-05,0.1,0.005
339,1368.3366733466935,-0.0019818060000000005,3.3761516553623227e-07,0.004495982666666665,9.96844800134782e-07,0.1,0.005
340,1372.2845691382765,-0.0019791666666666664,7.359227012548181e-07,0.004501531666666667,2.7892054822515655e-06,0.1,0.005
341,1376.2324649298598,-0.001975209,9.267230798175802e-07,0.004518293,4.008195063450199e-06,0.1,0.005
342,1380.1803607214429,-0.001970369333333333,9.750860930650693e-07,0.004538343,4.321245306621711e-06,0.1,0.005
343,1384.1282565130261,-0.001965514333333333,1.0215468118930825e-06,0.004559594666666667,4.4856420821203895e-06,0.1,0.005
344,1388.0761523046092,-0.0019602123333333334,1.0845603820084e-06,0.004581075666666667,4.48871970115712e-06,0.1,0.005
345,1392.0240480961925,-0.001954960333333333,1.0754114974691796e-06,0.0046027633333333325,4.5491041853192345e-06,0.1,0.005
346,1395.9719438877755,-0.0019495883333333333,1.101157219575028e-06,0.004624293333333335,4.47568716015267e-06,0.1,0.005
347,1399.9198396793588,-0.0019443186666666668,1.0718169412523603e-06,0.0046458540000000005,4.461395596297926e-06,0.1,0.005
348,1403.8677354709419,-0.0019389626666666666,1.1084070652166955e-06,0.004667415666666667,4.459587935623186e-06,0.1,0.005
349,1407.8156312625251,-0.0019336693333333334,1.1034882066529655e-06,0.004689016000000001,4.448738098232634e-06,0.1,0.005
350,1411.7635270541082,-0.0019280593333333334,1.170301765452929e-06,0.004710370333333333,4.4081836647561264e-06,0.1,0.005
351,1415.7114228456915,-0.0019226383333333333,1.108118776224922e-06,0.004732002999999999,4.492545047075197e-06,0.1,0.005
352,1419.6593186372745,-0.0019169793333333335,1.178713799962555e-06,0.0047535396666666665,4.438147874457982e-06,0.1,0.005
353,1423.6072144288578,-0.0019112903333333333,1.180772299057802e-06,0.004774879,4.435676085258447e-06,0.1,0.005
354,1427.5551102204408,-0.0019053063333333334,1.2374422096494838e-06,0.004796208666666666,4.435646313923399e-06,0.1,0.005
355,1431.5030060120241,-0.0018991386666666664,1.2607874082845481e-06,0.004817524,4.481172168082828e-06,0.1,0.005
356,1435.4509018036072,-0.0018933689999999998,1.1721699251103737e-06,0.004839044666666667,4.417733757884863e-06,0.1,0.005
357,1439.3987975951904,-0.0018874639999999997,1.2698545848508259e-06,0.004860097333333334,4.3883041016876615e-06,0.1,0.005
358,1443.3466933867735,-0.0018812809999999998,1.2704601528580012e-06,0.0048812686666666666,4.436946948321798e-06,0.1,0.005
359,1447.2945891783568,-0.0018752093333333335,1.2348763320897918e-06,0.004902472333333333,4.358273881047661e-06,0.1,0.005
360,1451.24248496994,-0.001869121333333333,1.2832685697943978e-06,0.004923833666666666,4.482015531233897e-06,0.1,0.005
361,1455.190380761523,-0.0018626606666666669,1.3501899454850363e-06,0.004944934666666666,4.382581988838153e-06,0.1,0.005
362,1459.1382765531064,-0.0018562156666666668,1.3257467916444346e-06,0.004966432333333333,4.482322822922194e-06,0.1,0.005
363,1463.0861723446894,-0.0018497383333333335,1.304650868580887e-06,0.004987548,4.330400597327355e-06,0.1,0.005
364,1467.0340681362727,-0.0018419506666666665,1.2917686411359777e-06,0.005011921666666666,4.031458035114482e-06,0.1,0.01
365,1470.9819639278558,-0.0018359890000000003,1.2148699518878933e-06,0.005031122333333334,4.039851221132892e-06,0.1,0.01
366,1474.929859719439,-0.001829902333333333,1.3259755737652798e-06,0.005050911333333335,4.2018049560741365e-06,0.1,0.01
367,1478.877755511022,-0.0018234173333333333,1.328555439398546e-06,0.005071702000000001,4.343023831387558e-06,0.1,0.01
368,1482.8256513026054,-0.001816645,1.4118421772043935e-06,0.0050925556666666675,4.309119541416971e-06,0.1,0.01
369,1486.7735470941884,-0.0018095403333333333,1.454843596022916e-06,0.005113504666666667,4.377307188468974e-06,0.1,0.01
370,1490.7214428857717,-0.0018025480000000002,1.44900287554353e-06,0.005134389333333333,4.3415595764144015e-06,0.1,0.01
371,1494.6693386773547,-0.0017957763333333334,1.4295581679510965e-06,0.0051554343333333336,4.306233995293617e-06,0.1,0.01
372,1498.617234468938,-0.001788735,1.4758878683694086e-06,0.0051763036666666665,4.332983178160608e-06,0.1,0.01
373,1502.565130260521,-0.0017817403333333333,1.4971873259177944e-06,0.0051972526666666675,4.308075311422563e-06,0.1,0.01
374,1506.5130260521044,-0.0017744929999999996,1.486338117656925e-06,0.005218042666666668,4.320395763764626e-06,0.1,0.01
375,1510.4609218436874,-0.0017671503333333333,1.5352057046387716e-06,0.005238721333333334,4.317191010625091e-06,0.1,0.01
376,1514.4088176352707,-0.0017595683333333331,1.5174585844613464e-06,0.0052592253333333325,4.262398177343632e-06,0.1,0.01
377,1518.3567134268537,-0.0017524160000000001,1.547368949755221e-06,0.005280064,4.315145883976616e-06,0.1,0.01
378,1522.304609218437,-0.0017448976666666666,1.573602413430898e-06,0.005300567333333334,4.299751879146296e-06,0.1,0.01
379,1526.25250501002,-0.0017374593333333334,1.5688465685195614e-06,0.005321103,4.232970706253525e-06,0.1,0.01
380,1530.2004008016033,-0.0017298146666666664,1.6305126664812048e-06,0.005341607,4.315722535103468e-06,0.1,0.01
381,1534.1482965931864,-0.0017220730000000004,1.5558559273489205e-06,0.005362461,4.2244584268282395e-06,0.1,0.01
382,1538.0961923847697,-0.0017143956666666666,1.6351833400434443e-06,0.005382949333333332,4.281568196609974e-06,0.1,0.01
383,1542.0440881763527,-0.0017026343333333331,3.4474838006226244e-06,0.0054130540000000005,9.222143857766112e-06,0.03,0.01
384,1545.991983967936,-0.0016932253333333334,2.245498806254138e-06,0.005439263,5.669721421727937e-06,0.03,0.01
385,1549.939879759519,-0.001685022666666667,2.109791353559769e-06,0.005459767333333333,5.5597901239365325e-06,0.03,0.01
386,1553.8877755511023,-0.001677028,2.225111832395554e-06,0.005479746666666666,5.504244624731753e-06,0.03,0.01
387,1557.8356713426854,-0.0016685876666666668,2.2930731683824847e-06,0.005500409666666667,5.523798501836249e-06,0.03,0.01
388,1561.7835671342687,-0.0016604333333333334,2.0754506873341225e-06,0.005520294333333333,5.517745725283938e-06,0.03,0.01
389,1565.7314629258517,-0.0016523756666666667,2.30723020572771e-06,0.0055409890000000005,5.560121911133476e-06,0.03,0.01
390,1569.679358717435,-0.0016443010000000004,2.183183226392163e-06,0.00556135,5.327124928138981e-06,0.03,0.01
391,1573.627254509018,-0.0016360043333333335,2.3684477101163994e-06,0.005581297666666666,5.460691460082869e-06,0.03,0.01
392,1577.5751503006013,-0.00162793,2.256281601810107e-06,0.005601610333333333,5.342108499667738e-06,0.03,0.01
393,1581.5230460921844,-0.0016192356666666667,2.4296881601464215e-06,0.005621526666666667,5.495080426061893e-06,0.03,0.01
394,1585.4709418837676,-0.001610509,2.2948323831310244e-06,0.005641680666666667,5.320253085041054e-06,0.03,0.01
395,1589.4188376753507,-0.001601878,2.3042097705432094e-06,0.005661263333333333,5.504334857384883e-06,0.03,0.01
396,1593.366733466934,-0.0015933116666666668,2.3704824872211795e-06,0.005681560666666667,5.271648656308141e-06,0.03,0.01
397,1597.314629258517,-0.0015848073333333333,2.325474766341036e-06,0.005701238,5.417472596454353e-06,0.03,0.01
398,1601.2625250501003,-0.0015757159999999996,2.2962732125482253e-06,0.005720947333333334,5.330211336231357e-06,0.03,0.01
399,1605.2104208416833,-0.0015671326666666665,2.3258359548533607e-06,0.005740687999999999,5.466121354915846e-06,0.03,0.01
400,1609.1583166332666,-0.0015582950000000001,2.3600745044736226e-06,0.005760429333333332,5.378569161238134e-06,0.03,0.01
401,1613.1062124248497,-0.001549585,2.333890528709497e-06,0.005780123333333333,5.419130516564064e-06,0.03,0.01
402,1617.054108216433,-0.0015407953333333336,2.475460540765891e-06,0.005800483,5.20553753228228e-06,0.03,0.01
403,1621.002004008016,-0.0015314656666666666,2.5690928143780622e-06,0.005819922666666667,5.402700518156567e-06,0.03,0.01
404,1624.9498997995993,-0.0015229459999999996,2.4691909606185007e-06,0.005839886000000001,5.132103272538441e-06,0.03,0.01
405,1628.8977955911823,-0.001513202666666667,2.449150782527607e-06,0.005858530333333334,5.178310846426875e-06,0.03,0.01
406,1632.8456913827656,-0.0015044290000000003,2.400650397982455e-06,0.005878160666666666,5.350029864921806e-06,0.03,0.01
407,1636.7935871743487,-0.0014955753333333332,2.657230053186111e-06,0.005898203333333334,5.0841179722302995e-06,0.03,0.01
408,1640.741482965932,-0.0014859269999999997,2.4851856402825638e-06,0.005917054,5.3748026940530814e-06,0.03,0.01
409,1644.689378757515,-0.0014765333333333333,2.47721393684296e-06,0.005936699666666667,5.163783808625483e-06,0.03,0.01
410,1648.6372745490983,-0.0014673146666666665,2.6353668098051052e-06,0.005956266333333334,5.255981026940229e-06,0.03,0.01
411,1652.5851703406815,-0.0014578096666666668,2.4837531859846633e-06,0.005975419333333333,5.073475425079771e-06,0.03,0.01
412,1656.5330661322646,-0.001448336666666667,2.7078802697969367e-06,0.005994857333333332,5.169308098984042e-06,0.03,0.01
413,1660.4809619238479,-0.0014388796666666666,2.5316061875593527e-06,0.0060139316666666665,5.064554658495539e-06,0.03,0.01
414,1664.428857715431,-0.0014291673333333334,2.698047359768834e-06,0.006033276000000001,5.164619121161445e-06,0.03,0.01
415,1668.3767535070142,-0.0014196626666666665,2.4865168855695183e-06,0.0060523643333333325,5.176497968918961e-06,0.03,0.01
416,1672.3246492985973,-0.0014095693333333334,2.6022361324232285e-06,0.006071581333333333,5.26196080900991e-06,0.03,0.01
417,1676.2725450901805,-0.0013995720000000004,2.5612124732894146e-06,0.0060906553333333335,5.1632223357985075e-06,0.03,0.01
418,1680.2204408817636,-0.0013902576666666665,2.645938627826078e-06,0.006110237000000001,5.133629093211423e-06,0.03,0.01
419,1684.1683366733469,-0.001380753,2.7441321032341104e-06,0.006129231333333333,4.984063090380063e-06,0.03,0.01
420,1688.11623246493,-0.0013705960000000004,2.6749861058829413e-06,0.006147573,5.228650654487001e-06,0.03,0.01
421,1692.0641282565132,-0.0013602016666666664,2.653612736545313e-06,0.00616617,5.17194289733882e-06,0.03,0.01
422,1696.0120240480962,-0.0013506646666666669,2.636685714216881e-06,0.006185434666666666,5.127981885910111e-06,0.03,0.01
423,1699.9599198396795,-0.001340222666666667,2.6503281977060197e-06,0.006203744666666667,5.146414112974449e-06,0.03,0.01
424,1703.9078156312626,-0.0013303836666666668,2.625296787455152e-06,0.006223152333333333,5.17417734738785e-06,0.03,0.01
425,1707.8557114228458,-0.0013203226666666664,2.700701061247285e-06,0.006241717666666665,5.040600945213689e-06,0.03,0.01
426,1711.803607214429,-0.0013104036666666667,2.728878259570302e-06,0.006260409,5.102977137580278e-06,0.03,0.01
427,1715.7515030060122,-0.0013005960000000002,2.8787978972712455e-06,0.006279545666666666,4.91035618757828e-06,0.03,0.01
428,1719.6993987975952,-0.0012895973333333333,2.7528336108251993e-06,0.0062971573333333326,5.031917416739799e-06,0.03,0.01
429,1723.6472945891785,-0.001279647666666667,2.728066083428951e-06,0.006316231000000001,5.05471552117427e-06,0.03,0.01
430,1727.5951903807616,-0.0012692843333333332,2.772178064667225e-06,0.0063344456666666665,4.891807221149271e-06,0.03,0.01
431,1731.5430861723448,-0.0012589533333333335,2.7512255854840988e-06,0.006353106666666665,5.030877546600505e-06,0.03,0.01
432,1735.4909819639279,-0.0012490186666666667,2.999122908822213e-06,0.006371893666666666,4.8579820799267335e-06,0.03,0.01
433,1739.4388777555112,-0.0012386086666666672,2.881118687053486e-06,0.006390236333333334,4.866641198563445e-06,0.03,0.01
434,1743.3867735470942,-0.0012271486666666665,2.7349670727248294e-06,0.006407656999999999,4.946508634043489e-06,0.03,0.01
435,1747.3346693386775,-0.001216386,2.8876848858557943e-06,0.006426014999999999,5.1266784243471286e-06,0.03,0.01
436,1751.2825651302605,-0.0012062783333333335,2.7585456111670064e-06,0.006444769666666667,4.836391549722011e-06,0.03,0.01
437,1755.2304609218438,-0.0011952629999999998,2.972311278001243e-06,0.006462794333333332,4.919846666535721e-06,0.03,0.01
438,1759.1783567134269,-0.0011849643333333333,2.7714757601120906e-06,0.006480739333333333,4.827360171172478e-06,0.03,0.01
439,1763.1262525050101,-0.0011745363333333335,3.0856133732029506e-06,0.006499287999999999,4.9188964887123424e-06,0.03,0.01
440,1767.0741482965932,-0.0011633950000000002,2.826899066704262e-06,0.006517057999999999,4.818666758900588e-06,0.03,0.01
441,1771.0220440881765,-0.0011530633333333331,3.182605152317136e-06,0.006535480333333334,4.855687718770797e-06,0.03,0.01
442,1774.9699398797595,-0.0011414439999999997,2.9825197400855595e-06,0.006553027666666667,4.854679311985739e-06,0.03,0.01
443,1778.9178356713428,-0.001130588333333333,2.9217609796529033e-06,0.006571211333333334,4.906992108772507e-06,0.03,0.01
444,1782.8657314629259,-0.001119589,2.9423339375400516e-06,0.006589346999999999,4.732975209456916e-06,0.03,0.01
445,1786.8136272545091,-0.0011085273333333336,2.8978462500431253e-06,0.006606640666666667,4.862538386023859e-06,0.03,0.01
446,1790.7615230460922,-0.0010979093333333332,3.0274498986587595e-06,0.0066248240000000005,4.781684222112578e-06,0.03,0.01
447,1794.7094188376755,-0.001086274,2.9128492351418444e-06,0.006642387333333333,4.87781298898964e-06,0.03,0.01
448,1798.6573146292585,-0.001074941,2.8671383526668888e-06,0.006659633000000001,4.8193036495604645e-06,0.03,0.01
449,1802.6052104208418,-0.001064292,2.946300957698196e-06,0.006677736333333334,4.816766884770558e-06,0.03,0.01
450,1806.5531062124248,-0.0010531976666666666,3.0261258878124902e-06,0.00669546,4.722848010822886e-06,0.03,0.01
451,1810.5010020040081,-0.0010415316666666668,3.1135543283449542e-06,0.006713054000000001,4.753760336126928e-06,0.03,0.01
452,1814.4488977955912,-0.0010303733333333334,2.928750966234941e-06,0.006730458999999999,4.640465026984555e-06,0.03,0.01
453,1818.3967935871744,-0.0010189443333333333,2.988173001833885e-06,0.006747497666666667,4.705102679243254e-06,0.03,0.01
454,1822.3446893787575,-0.0010082000000000001,3.1186289722675584e-06,0.006765808333333333,4.744450852194483e-06,0.03,0.01
455,1826.2925851703408,-0.0009959774999999998,3.0416661525113263e-06,0.006782291666666667,4.711490269071512e-06,0.03,0.01
456,1830.2404809619238,-0.0009849781666666666,3.027069254612806e-06,0.006799568999999998,4.822554889958895e-06,0.03,0.01
457,1834.188376753507,-0.0009736583999999999,3.099712864121447e-06,0.006817084333333333,4.6976076772001195e-06,0.03,0.01
458,1838.1362725450902,-0.0009617842999999998,3.196263643172541e-06,0.0068347753333333336,4.786789274195777e-06,0.03,0.01
459,1842.0841683366734,-0.0009505944666666666,3.0798363564030868e-06,0.006851988666666667,4.594910759621898e-06,0.03,0.01
460,1846.0320641282565,-0.0009383556333333335,3.106683703279465e-06,0.006868900666666667,4.773974537938859e-06,0.03,0.01
461,1849.9799599198398,-0.0009276109000000001,3.1397960268144766e-06,0.006886194333333334,4.220679789902151e-06,0.03,0.01
462,1853.927855711423,-0.0009151178000000001,3.155153122538844e-06,0.006902597666666668,4.888011649831501e-06,0.03,0.01
463,1857.875751503006,-0.0009043412666666666,3.089635932525959e-06,0.0069204946666666664,4.542185768498991e-06,0.03,0.01
464,1861.8236472945894,-0.0008921183333333332,3.2975623555725065e-06,0.006937057000000001,4.65119135276118e-06,0.03,0.01
465,1865.7715430861724,-0.0008806424333333334,3.333526267916436e-06,0.006954318,4.49012798629767e-06,0.03,0.01
466,1869.7194388777557,-0.0008687215,3.196580712261154e-06,0.006970959666666667,4.5590258340522876e-06,0.03,0.01
467,1873.6673346693387,-0.0008568641666666666,3.3001822483345163e-06,0.006987713333333333,4.480384904100246e-06,0.03,0.01
468,1877.615230460922,-0.0008453087666666667,3.335502797513777e-06,0.0070046886666666665,4.502445804473614e-06,0.03,0.01
469,1881.563126252505,-0.0008330541333333334,3.295508961534707e-06,0.007020757333333334,4.565152011586145e-06,0.03,0.01
470,1885.5110220440883,-0.0008211173333333333,3.19631834390061e-06,0.007037955333333333,4.484049310859765e-06,0.03,0.01
471,1889.4589178356714,-0.0008090057,3.1715098943563156e-06,0.0070542316666666665,4.484476248373147e-06,0.03,0.01
472,1893.4068136272547,-0.0007972913333333334,3.2328220936031846e-06,0.007070809666666667,4.575006363079994e-06,0.03,0.01
473,1897.3547094188377,-0.0007853546333333332,3.3104639904735765e-06,0.007087292666666666,4.4326176865995025e-06,0.03,0.01
474,1901.302605210421,-0.0007729408999999999,3.115880499955038e-06,0.007103805666666668,4.591330005806794e-06,0.03,0.01
475,1905.250501002004,-0.0007609881666666667,3.201952165823564e-06,0.007120241666666666,4.445474915261861e-06,0.03,0.01
476,1909.1983967935873,-0.0007494168999999999,3.4131033713225476e-06,0.0071370903333333345,4.227111293648328e-06,0.03,0.01
477,1913.1462925851704,-0.0007366852666666667,3.205732728860728e-06,0.007152634666666667,4.487690373553914e-06,0.03,0.01
478,1917.0941883767537,-0.0007248280333333333,3.3466711170289124e-06,0.007169275333333332,4.345945032121618e-06,0.03,0.01
479,1921.0420841683367,-0.0007125732666666667,3.2608207651176207e-06,0.007185091666666667,4.446118219550878e-06,0.03,0.01
480,1924.98997995992,-0.0006999053333333333,3.2138559740943946e-06,0.007201367999999999,4.467418643168967e-06,0.03,0.01
481,1928.937875751503,-0.0006884612333333334,3.320499447205028e-06,0.007218184000000001,4.3320900267653735e-06,0.03,0.01
482,1932.8857715430863,-0.0006755388666666668,3.3109262020702867e-06,0.007233585666666667,4.256972072051075e-06,0.03,0.01
483,1936.8336673346694,-0.0006631889333333332,3.4327127846970035e-06,0.0072496876666666675,4.384698912759619e-06,0.03,0.01
484,1940.7815631262526,-0.0006510612666666665,3.3069392488456185e-06,0.007265804333333333,4.3099224148727084e-06,0.03,0.01
485,1944.7294589178357,-0.0006385364,3.4371382243566227e-06,0.007281841666666666,4.345390725303706e-06,0.03,0.01
486,1948.677354709419,-0.0006262658,3.1689341888611926e-06,0.007297832000000001,4.247698514097609e-06,0.03,0.01
487,1952.625250501002,-0.0006135023999999998,3.4618341535473164e-06,0.007313519333333333,4.370029697331082e-06,0.03,0.01
488,1956.5731462925853,-0.0006015815000000001,3.307243492195075e-06,0.007329764333333334,4.176590861243462e-06,0.03,0.01
489,1960.5210420841684,-0.0005883571999999999,3.377850395345144e-06,0.007344799999999999,4.356436617236582e-06,0.03,0.01
490,1964.4689378757516,-0.0005760547666666666,3.425244757029128e-06,0.0073610286666666675,4.183009071098042e-06,0.03,0.01
491,1968.4168336673347,-0.0005640544333333335,3.4699667595269735e-06,0.007376796000000001,4.1459921209122545e-06,0.03,0.01
492,1972.364729458918,-0.0005511321333333333,3.4591618805074075e-06,0.007391879666666666,4.219666245358993e-06,0.03,0.01
493,1976.312625250501,-0.0005388139000000001,3.4616262974696374e-06,0.0074075676666666675,4.271801090354669e-06,0.03,0.01
494,1980.2605210420843,-0.0005258756333333333,3.4540303268629288e-06,0.007423112999999999,4.177366115947583e-06,0.03,0.01
495,1984.2084168336673,-0.0005132553999999999,3.348002604539011e-06,0.007438499,4.227967478588251e-06,0.03,0.01
496,1988.1563126252506,-0.0005001582000000001,3.3387175521947626e-06,0.007453837333333334,4.206429945795955e-06,0.03,0.01
497,1992.1042084168337,-0.00048825220000000007,3.434733385092165e-06,0.007469811333333332,4.207332276976588e-06,0.03,0.01
498,1996.052104208417,-0.0004747886333333333,3.4476844643260992e-06,0.007484497666666667,4.162424520503473e-06,0.03,0.01
499,2000.0,-0.00046254976666666655,3.4286336898083585e-06,0.007500487666666667,4.374693652766578e-06,0.03,0.01
