Frecuencia [Hz],X [V],Ruido X [V],Y [V],Ruido Y [V],Tiempo de integraci√≥n [s],Escala [V]
30.0,0.2381043333333333,0.0025412470473284,-0.1127567999999999,0.0021854981796682,3.0,0.5
33.947895791583164,0.2728198,0.0022563427103759,-0.0823775866666666,0.0019930913047714,3.0,0.5
37.895791583166336,0.3013223,0.001732110699888,-0.0573234333333333,0.0015178224156849,3.0,0.5
41.8436873747495,0.3222695666666667,0.0012248828973506,-0.0391329266666666,0.0010528363968928,3.0,0.5
45.79158316633266,0.3366942333333333,0.0008196168081623,-0.0268800033333333,0.0006861304659627,3.0,0.5
49.73947895791584,0.3462196999999999,0.0005346410727456,-0.0190288466666666,0.0004333563020066,3.0,0.5
53.687374749499,0.3519621666666667,0.00044598550674,-0.0145254066666666,0.0003416050135593,1.0,0.5
57.63527054108216,0.3558674,0.0002805827982372,-0.01167711,0.0001984852494099,1.0,0.5
61.58316633266533,0.3583188999999999,0.0001751009899077,-0.0101145973333333,9.988293617808575e-05,1.0,0.5
65.5310621242485,0.359851,0.0001085049922046,-0.009344542,4.553892096511128e-05,1.0,0.5
69.47895791583167,0.3607228,6.065662920626916e-05,-0.0090658146666666,2.0749610073980216e-05,1.0,0.5
73.42685370741484,0.3612333,4.043278372805983e-05,-0.0090871786666666,1.2908512884483624e-05,1.0,0.5
77.374749498998,0.3615101666666666,1.98024970367011e-05,-0.0093150413333333,2.69353289359698e-05,1.0,0.5
81.32264529058116,0.361633,7.483314773541521e-06,-0.009665993,3.428624088950762e-05,1.0,0.5
85.27054108216433,0.3616659999999999,1.1102230246251563e-16,-0.01008714,4.224505967171377e-05,1.0,0.5
89.21843687374749,0.3616659999999999,1.1102230246251563e-16,-0.0105571066666666,4.454234639331668e-05,1.0,0.5
93.16633266533066,0.3616199666666667,1.6971512078239323e-05,-0.0110392833333333,4.788306648028681e-05,1.0,0.5
97.11422845691384,0.3614593333333332,1.8882678717687707e-05,-0.0115133333333333,4.51930919008156e-05,1.0,0.5
101.062124248497,0.3612444666666666,2.5429291946287976e-05,-0.0120067066666666,4.363901108972212e-05,1.0,0.5
105.01002004008016,0.3610216999999999,2.138714567211935e-05,-0.01249904,4.965254340581829e-05,1.0,0.5
108.95791583166331,0.3608193666666666,1.929677578134269e-05,-0.01300257,4.854505227106054e-05,1.0,0.5
112.90581162324648,0.3606393666666667,1.4938726704629224e-05,-0.01350815,4.422536037162387e-05,1.0,0.5
116.85370741482966,0.3605093,2.138714567210207e-05,-0.0140177933333333,4.5501010489389736e-05,1.0,0.5
120.80160320641284,0.360444,5.38516480713989e-06,-0.01453456,4.590704811536728e-05,1.0,0.5
124.749498997996,0.360415,5.551115123125783e-17,-0.0150625166666666,4.964632972894936e-05,1.0,0.5
128.69739478957916,0.360415,5.551115123125783e-17,-0.0155833533333333,5.136876958706385e-05,1.0,0.5
132.64529058116233,0.360415,5.551115123125783e-17,-0.01610424,5.114342968554146e-05,1.0,0.5
136.5931863727455,0.360415,5.551115123125783e-17,-0.0166332166666666,4.94959128503436e-05,1.0,0.5
140.54108216432866,0.360415,5.551115123125783e-17,-0.01715711,5.068726565913775e-05,1.0,0.5
144.48897795591182,0.360415,5.551115123125783e-17,-0.0176708166666666,4.5568900823063606e-05,1.0,0.5
148.436873747495,0.360415,5.551115123125783e-17,-0.0181936833333333,4.460606896924333e-05,1.0,0.5
152.38476953907815,0.3603839999999999,5.551115123125783e-17,-0.0187175666666666,4.546671554249584e-05,1.0,0.5
156.3326653306613,0.3603550666666666,7.732758599333622e-06,-0.01932181,9.864023638117125e-05,0.3,0.5
160.2805611222445,0.3603409999999999,1.4696938456686576e-05,-0.0200043966666666,9.314495328369738e-05,0.3,0.5
164.22845691382767,0.360276,1.4966629547083035e-05,-0.0206157566666666,8.404797710567209e-05,0.3,0.5
168.17635270541084,0.360216,1.5000000000015e-05,-0.0211701666666666,7.606112600329309e-05,0.3,0.5
172.124248496994,0.36017,0.0,-0.02172763,7.65907659795447e-05,0.3,0.5
176.07214428857716,0.3601224333333333,1.5361604372230732e-05,-0.02227084,7.46214696540706e-05,0.3,0.5
180.02004008016033,0.36003,1.4696938456686567e-05,-0.0227621733333333,7.08013650213675e-05,0.3,0.5
183.9679358717435,0.3598957666666666,2.0836959684401143e-05,-0.0232667266666666,7.117306107104212e-05,0.3,0.5
187.91583166332663,0.3597787333333333,2.4977234078715387e-05,-0.0237733066666666,7.30721284454995e-05,0.3,0.5
191.86372745490985,0.3596861666666666,1.3145552691139558e-05,-0.0242799,7.117763693745403e-05,0.3,0.5
195.81162324649296,0.3595876333333334,2.410460997864977e-05,-0.02481091,7.59872329188707e-05,0.3,0.5
199.7595190380761,0.359515,1.496662954708304e-05,-0.0253134333333333,7.210102788603093e-05,0.3,0.5
203.7074148296593,0.3594113,2.0489265482192385e-05,-0.0257854366666666,6.728924373346886e-05,0.3,0.5
207.6553106212425,0.3592832333333333,2.7262530248608203e-05,-0.0263113533333333,7.601520783515713e-05,0.3,0.5
211.60320641282567,0.3590910333333332,3.206502074777091e-05,-0.0268291399999999,7.209688666417333e-05,0.3,0.5
215.55110220440883,0.3589233333333333,2.194437412083705e-05,-0.0273367466666666,7.165006505385847e-05,0.3,0.5
219.498997995992,0.3587809999999999,1.4966629547083035e-05,-0.0278362233333333,7.036223268834516e-05,0.3,0.5
223.4468937875752,0.3586361666666666,3.1513048443829875e-05,-0.02832958,6.8305921656422e-05,0.3,0.5
227.3947895791584,0.3583423,4.4065216819323847e-05,-0.0287965,6.666832331275017e-05,0.3,0.5
231.3426853707415,0.3580983666666666,2.651475480221693e-05,-0.0292939333333333,7.06244968516983e-05,0.3,0.5
235.29058116232463,0.3579376666666667,2.102115336723092e-05,-0.0297659466666666,6.708554605046327e-05,0.3,0.5
239.23847695390785,0.3578187666666667,1.9215763205122115e-05,-0.0302633866666666,6.974194688675888e-05,0.3,0.5
243.18637274549096,0.3577052666666667,1.5279470613288208e-05,-0.03075371,7.044993186653922e-05,0.3,0.5
247.1342685370741,0.3576127999999999,2.277191252397466e-05,-0.0312420466666666,6.826580761178277e-05,0.3,0.5
251.0821643286573,0.3575263666666667,1.4938726704602473e-05,-0.0317141033333333,6.70603185365391e-05,0.3,0.5
255.03006012024048,0.357449,1.1180339887489442e-05,-0.0321922033333333,7.036377611306023e-05,0.3,0.5
258.97795591182364,0.3573729999999999,1.4142135623745092e-05,-0.03272016,7.684481591710182e-05,0.3,0.5
262.9258517034068,0.357312,1.4142135623718923e-05,-0.03324812,7.211494713303104e-05,0.3,0.5
266.87374749499,0.3572203333333334,1.4613540144497344e-05,-0.0337475866666666,7.051741502793593e-05,0.3,0.5
270.82164328657313,0.357131,1.4696938456686572e-05,-0.0342358733333333,7.051645166594484e-05,0.3,0.5
274.7695390781563,0.3570251333333332,1.7454194020023676e-05,-0.0347383999999999,7.142039858005084e-05,0.3,0.5
278.71743486973946,0.3569398999999999,1.7055497647397688e-05,-0.0352246533333333,7.165006505385964e-05,0.3,0.5
282.6653306613226,0.3568122,2.0038962048960864e-05,-0.0356946133333333,6.890904020679869e-05,0.3,0.5
286.61322645290585,0.3567216666666667,2.490426112581732e-05,-0.0361961199999999,7.346472350727216e-05,0.3,0.5
290.561122244489,0.3566311666666666,1.6697471531816942e-05,-0.0367128733333333,7.392421765264454e-05,0.3,0.5
294.5090180360722,0.3565132666666665,1.784737764739553e-05,-0.0372133599999999,6.985963355185893e-05,0.3,0.5
298.45691382765534,0.3564137666666667,1.826961655014129e-05,-0.0376996133333333,6.748075643388177e-05,0.3,0.5
302.4048096192385,0.3563189999999999,1.2000000000012004e-05,-0.0381797666666666,7.044540833550136e-05,0.3,0.5
306.35270541082167,0.3562450000000001,1.445683229481542e-05,-0.0386578766666666,6.820525729166576e-05,0.3,0.5
310.30060120240483,0.3561430333333334,5.564670300706237e-06,-0.0391441166666666,7.105611905779458e-05,0.3,0.5
314.248496993988,0.3561119999999999,1.1102230246251563e-16,-0.03964664,7.209688666417307e-05,0.3,0.5
318.1963927855712,0.3560996,1.5186836405257296e-05,-0.0401481433333333,7.121649941473474e-05,0.3,0.5
322.1442885771543,0.3560520666666666,7.732758599333622e-06,-0.0406567733333333,7.33629603788968e-05,0.3,0.5
326.0921843687375,0.355967,1.326649916141032e-05,-0.0411593,6.831068730440358e-05,0.3,0.5
330.04008016032066,0.3558938666666666,1.0537973661426191e-05,-0.0416547099999999,7.044906599806673e-05,0.3,0.5
333.9879759519038,0.355838,5.385164807129924e-06,-0.04215417,7.141285201791927e-05,0.3,0.5
337.935871743487,0.3557369999999999,1.326649916141032e-05,-0.0426556733333333,7.346509344957943e-05,0.3,0.5
341.8837675350701,0.3556406,1.7229045243429693e-05,-0.0431490366666666,7.062896234705797e-05,0.3,0.5
345.8316633266533,0.355555,1.2688577540438733e-05,-0.0436505433333333,6.883663115586665e-05,0.3,0.5
349.7795591182365,0.3554718666666667,1.6654795772465694e-05,-0.0441520533333333,6.854849734960484e-05,0.3,0.5
353.72745490981964,0.3553559,1.866788686487123e-05,-0.04464135,6.887797785456048e-05,0.3,0.5
357.6753507014028,0.3552359666666666,2.2444722220494086e-05,-0.0451286233333333,6.85513174360802e-05,0.3,0.5
361.623246492986,0.3551153999999999,1.686534909214691e-05,-0.0456169,6.855928334903668e-05,0.3,0.5
365.57114228456913,0.3549964666666667,1.5465517198667244e-05,-0.04610009,6.942314383546694e-05,0.3,0.5
369.5190380761523,0.3548764333333333,2.8078085563100504e-05,-0.0465832766666666,6.763969092839536e-05,0.3,0.5
373.46693386773546,0.3547251333333334,2.916817138974719e-05,-0.0470400366666666,6.620864235296017e-05,0.3,0.5
377.4148296593186,0.3545726,3.011378421919581e-05,-0.0475089933333333,6.809135497419867e-05,0.3,0.5
381.3627254509018,0.3544118666666667,2.37819726310026e-05,-0.0479799766666666,6.703998649230827e-05,0.3,0.5
385.310621242485,0.3542527666666667,2.272837189260324e-05,-0.0484580933333333,6.720458284637723e-05,0.3,0.5
389.2585170340682,0.3540983,2.2947984660959488e-05,-0.0489423033333333,6.821141880620609e-05,0.3,0.5
393.20641282565134,0.3539375999999999,2.190068492079057e-05,-0.0494336333333333,6.963874081445019e-05,0.3,0.5
397.1543086172345,0.3537668,2.234188890849597e-05,-0.0498954533333333,6.568063506256718e-05,0.3,0.5
401.10220440881767,0.3536122666666666,2.5290226482890307e-05,-0.0503715333333333,6.671850484602361e-05,0.3,0.5
405.0501002004008,0.3534890666666666,1.949689433958569e-05,-0.0508547366666666,6.667534018577589e-05,0.3,0.5
408.997995991984,0.3533657999999999,2.0038962048979736e-05,-0.0513328499999999,6.910687254776729e-05,0.3,0.5
412.9458917835672,0.3532529999999999,1.80573161534874e-05,-0.0518119666666666,6.854394859423316e-05,0.3,0.5
416.8937875751503,0.3531410666666666,1.803872377844852e-05,-0.0522768466666666,6.86961849175215e-05,0.3,0.5
420.8416833667335,0.3530119666666667,1.6849299358979084e-05,-0.0527702199999999,7.182258883294782e-05,0.3,0.5
424.7895791583167,0.3528818666666666,2.5031624442342013e-05,-0.0532615566666666,6.820276965702252e-05,0.3,0.5
428.7374749498998,0.3527547333333333,2.486353867726911e-05,-0.0537508399999999,6.830532726905972e-05,0.3,0.5
432.685370741483,0.3526040666666666,2.2544671703561465e-05,-0.0542370866666666,6.944614572138251e-05,0.3,0.5
436.63326653306615,0.3524512999999999,2.2203828498718592e-05,-0.0547091033333333,6.64690979996635e-05,0.3,0.5
440.5811623246493,0.3522987666666667,2.216105192047164e-05,-0.0551821299999999,6.842511795142643e-05,0.3,0.5
444.5290581162325,0.3521483333333333,2.1944374120854425e-05,-0.0556592133333333,6.874242616867258e-05,0.3,0.5
448.4769539078157,0.3520173,2.619561031927806e-05,-0.05613223,6.608373551790163e-05,0.3,0.5
452.4248496993988,0.3518565999999999,3.011378421919581e-05,-0.0565920366666666,6.805772786555708e-05,0.3,0.5
456.372745490982,0.3516995333333333,2.3399050313109304e-05,-0.0570538733333333,6.436487620503078e-05,0.3,0.5
460.32064128256513,0.3515337,2.362646820833779e-05,-0.05751468,6.800659477825207e-05,0.3,0.5
464.2685370741483,0.3513700999999999,2.287698989522456e-05,-0.0579917766666666,6.821380448429948e-05,0.3,0.5
468.21643286573146,0.3512003333333333,2.355607965875197e-05,-0.0584627633333333,6.647430322228974e-05,0.3,0.5
472.1643286573146,0.3510518333333333,2.1357408290531805e-05,-0.0589327233333333,6.885369359898104e-05,0.3,0.5
476.1122244488978,0.3508892333333333,2.5730245928792324e-05,-0.05941389,7.03615583966134e-05,0.3,0.5
480.06012024048096,0.3507373333333333,2.651833747092172e-05,-0.05987268,6.561641766102902e-05,0.3,0.5
484.0080160320641,0.3505907666666667,2.272837189260324e-05,-0.0603426433333333,6.784339655084666e-05,0.3,0.5
487.95591182364734,0.3504292,2.277191252397466e-05,-0.0608116,6.465915763963022e-05,0.3,0.5
491.9038076152305,0.3502573666666667,2.244026638781369e-05,-0.0612775133333333,6.636968049409962e-05,0.3,0.5
495.85170340681367,0.3500966666666666,2.278644821427608e-05,-0.0617281433333333,6.409191151948995e-05,0.3,0.5
499.7995991983968,0.3499294666666666,2.3261890627283948e-05,-0.0621950533333333,6.869766484790809e-05,0.3,0.5
503.74749498998,0.3497241333333332,5.400106994824976e-05,-0.0628015833333333,0.0001553616277878,0.1,0.5
507.6953907815632,0.3495025,4.567913455105049e-05,-0.0634394066666666,0.0001181088422694,0.1,0.5
511.6432865731463,0.3493307,4.114377231125262e-05,-0.06399483,0.000104073737161,0.1,0.5
515.5911823647295,0.3491250333333333,4.672079004279047e-05,-0.06446886,9.866118318096026e-05,0.1,0.5
519.5390781563126,0.3489316333333334,4.304221442052206e-05,-0.06493883,9.40177719015596e-05,0.1,0.5
523.4869739478959,0.3487648666666667,4.09232886698576e-05,-0.0654189666666666,9.30512164825862e-05,0.1,0.5
527.4348697394789,0.3485360666666667,4.639607263072265e-05,-0.0658472333333333,8.996002569042688e-05,0.1,0.5
531.3827655310622,0.3483175666666666,3.738955587980019e-05,-0.0662907566666666,9.532730173227148e-05,0.1,0.5
535.3306613226453,0.3481228333333332,3.322356927779679e-05,-0.06670783,8.80165331060026e-05,0.1,0.5
539.2785571142285,0.3479520999999999,3.205656459033477e-05,-0.06713406,9.42418045950596e-05,0.1,0.5
543.2264529058117,0.3477782333333332,3.514700872367368e-05,-0.0676131866666666,9.577617565043328e-05,0.1,0.5
547.1743486973949,0.3475881,3.7111857943245294e-05,-0.06805976,9.425367755866832e-05,0.1,0.5
551.122244488978,0.3474354,3.278373580501279e-05,-0.0685236366666666,9.470343704897304e-05,0.1,0.5
555.0701402805612,0.3472510666666667,3.810330985914255e-05,-0.06900581,9.392682027337353e-05,0.1,0.5
559.0180360721444,0.3470477666666667,4.092080427144765e-05,-0.0694249066666666,8.786034726895871e-05,0.1,0.5
562.9659318637275,0.3468627333333334,3.931151937481145e-05,-0.0698582566666666,9.20125306080031e-05,0.1,0.5
566.9138276553107,0.3466370666666667,4.956270999675807e-05,-0.0702916066666666,9.159402066850311e-05,0.1,0.5
570.8617234468938,0.3464179333333333,4.691619005085948e-05,-0.0707361566666666,9.34760171856345e-05,0.1,0.5
574.809619238477,0.3462146,4.320077159805445e-05,-0.0711735733333333,9.23588758894114e-05,0.1,0.5
578.7575150300602,0.3460519333333334,4.1340805776171786e-05,-0.0716343933333333,9.590705546980796e-05,0.1,0.5
582.7054108216433,0.3458434999999999,4.901751387682705e-05,-0.0721084233333333,9.158970350912184e-05,0.1,0.5
586.6533066132265,0.3456378333333333,4.352859851740237e-05,-0.07250618,8.439593750096317e-05,0.1,0.5
590.6012024048097,0.3454505999999999,3.7978590460066544e-05,-0.0729364766666666,9.306371539016844e-05,0.1,0.5
594.5490981963928,0.3452502666666666,4.039631446335376e-05,-0.0733962699999999,9.238229682502328e-05,0.1,0.5
598.496993987976,0.3450276333333333,4.416143365224565e-05,-0.0738347033333333,9.04063806130724e-05,0.1,0.5
602.4448897795592,0.3448099666666666,4.5564228171778095e-05,-0.07426398,8.657424328286177e-05,0.1,0.5
606.3927855711423,0.3446408666666666,3.991886215256549e-05,-0.07468411,8.763608598440816e-05,0.1,0.5
610.3406813627255,0.3444436333333333,4.61443267248455e-05,-0.0751337399999999,9.27152580035592e-05,0.1,0.5
614.2885771543087,0.3442148666666665,4.856935476432228e-05,-0.0755803133333333,8.867371175018874e-05,0.1,0.5
618.2364729458918,0.3439881,4.169200562858767e-05,-0.0759851766666666,8.728562570982525e-05,0.1,0.5
622.184368737475,0.3438025666666666,3.543508932620244e-05,-0.07642361,9.007998427323826e-05,0.1,0.5
626.1322645290581,0.3436124666666666,3.905443494520357e-05,-0.0768386633333333,8.597989099525173e-05,0.1,0.5
630.0801603206413,0.3433766,4.741912413081423e-05,-0.0772424966666666,8.842777649333613e-05,0.1,0.5
634.0280561122245,0.3431926333333333,4.332626865489236e-05,-0.07768704,9.137992339677133e-05,0.1,0.5
637.9759519038076,0.3429908333333333,4.788951404594064e-05,-0.0781447966666666,9.171667054333932e-05,0.1,0.5
641.9238476953908,0.3427782333333334,4.8148854838101706e-05,-0.0785547633333333,8.148038407426072e-05,0.1,0.5
645.871743486974,0.3425342666666666,4.4788341737060286e-05,-0.0789657266666666,8.728640189374107e-05,0.1,0.5
649.8196392785571,0.3423045333333333,4.7766608513576574e-05,-0.0793777166666666,8.578774226089798e-05,0.1,0.5
653.7675350701403,0.3420967,4.4981588826248206e-05,-0.0797968266666666,8.972213005843207e-05,0.1,0.5
657.7154308617235,0.3418943,4.77312965114793e-05,-0.0802261033333333,8.77761907099835e-05,0.1,0.5
661.6633266533066,0.3416656333333334,4.826695441902901e-05,-0.0806340266666666,8.64723421421886e-05,0.1,0.5
665.6112224448898,0.3414653,4.455868789212016e-05,-0.0810694033333333,9.180492173928242e-05,0.1,0.5
669.559118236473,0.3412371333333333,4.230896936688869e-05,-0.0815088633333333,8.800304723259336e-05,0.1,0.5
673.5070140280561,0.3410286999999999,4.7701956633522e-05,-0.0819554366666666,9.11312221774471e-05,0.1,0.5
677.4549098196393,0.3407999,5.095380260589429e-05,-0.0823552133333333,8.059660345752076e-05,0.1,0.5
681.4028056112224,0.3405762,4.662145428876409e-05,-0.0827600733333333,8.476223582599881e-05,0.1,0.5
685.3507014028056,0.3403419,4.587181414913535e-05,-0.0831700166666666,8.04086109954815e-05,0.1,0.5
689.2985971943888,0.3400917999999999,5.035368242077293e-05,-0.0835667633333333,8.455963766610118e-05,0.1,0.5
693.2464929859719,0.3399057333333333,4.419346356897298e-05,-0.0839889233333333,8.974020163164719e-05,0.1,0.5
697.1943887775551,0.3396932,5.103684943254696e-05,-0.0844283766666666,8.659414023028457e-05,0.1,0.5
701.1422845691383,0.3394477666666667,4.620727455954211e-05,-0.0848230733333333,8.328338743244264e-05,0.1,0.5
705.0901803607214,0.3392119333333332,4.891348371246204e-05,-0.0852269133333333,8.527665070554651e-05,0.1,0.5
709.0380761523046,0.3389770333333334,5.143570960162491e-05,-0.0856328033333333,8.451568881311652e-05,0.1,0.5
712.9859719438878,0.3387615333333332,4.843396420787109e-05,-0.0860519099999999,8.335912007692908e-05,0.1,0.5
716.9338677354709,0.3385424,4.73332863849541e-05,-0.08645779,8.430451688175774e-05,0.1,0.5
720.8817635270541,0.3382740333333333,5.60609687948983e-05,-0.08685147,8.224623253783019e-05,0.1,0.5
724.8296593186373,0.3380401666666666,4.5380673811166384e-05,-0.0872359966666666,8.514233370591192e-05,0.1,0.5
728.7775551102204,0.337812,4.431478308645658e-05,-0.08767238,8.59785104934168e-05,0.1,0.5
732.7254509018036,0.3375709666666666,5.1435709601614886e-05,-0.0880752266666666,8.431131570290819e-05,0.1,0.5
736.6733466933867,0.3373370666666666,4.8779731674346864e-05,-0.0884862,8.657907753416421e-05,0.1,0.5
740.62124248497,0.3371002333333333,4.491301469383833e-05,-0.0888951233333333,8.27812405614286e-05,0.1,0.5
744.5691382765532,0.3368821999999999,4.8049557750311214e-05,-0.0893183099999999,8.547889154639202e-05,0.1,0.5
748.5170340681364,0.3366555,5.1525236535125056e-05,-0.0897018166666666,7.892562779111703e-05,0.1,0.5
752.4649298597195,0.3364023333333333,5.056239270004876e-05,-0.0901117566666666,8.475658748570634e-05,0.1,0.5
756.4128256513027,0.3361490333333333,5.339817932809804e-05,-0.0905237499999999,8.148446375434674e-05,0.1,0.5
760.3607214428858,0.3359209666666667,5.015474941507768e-05,-0.0909123466666666,8.073951421426497e-05,0.1,0.5
764.308617234469,0.3356820333333334,4.89751524301467e-05,-0.0913039799999999,8.076920370206963e-05,0.1,0.5
768.2565130260522,0.3354431333333333,4.905828732798164e-05,-0.09170478,8.505932988214698e-05,0.1,0.5
772.2044088176353,0.3352325,4.9510099979714034e-05,-0.0921086333333333,8.464309120589212e-05,0.1,0.5
776.1523046092185,0.3349901666666666,5.476195962730819e-05,-0.0925206133333333,8.38095489123349e-05,0.1,0.5
780.1002004008017,0.3347471666666666,4.451148416108994e-05,-0.0929051333333333,7.886582417132518e-05,0.1,0.5
784.0480961923848,0.3345275999999999,4.92182892835424e-05,-0.0933018666666666,8.041683626925152e-05,0.1,0.5
787.995991983968,0.3342830999999999,5.4501590190859873e-05,-0.0936975833333333,8.032754647206953e-05,0.1,0.5
791.9438877755512,0.3340381,5.234141126616492e-05,-0.0940871866666666,8.05336440391373e-05,0.1,0.5
795.8917835671343,0.33379,5.431144753487669e-05,-0.0944778166666666,8.417507185754083e-05,0.1,0.5
799.8396793587175,0.3335407333333333,5.2720605290743305e-05,-0.09487353,8.089274030055692e-05,0.1,0.5
803.7875751503007,0.3332781666666666,5.181382269454545e-05,-0.09523466,7.618523303983289e-05,0.1,0.5
807.7354709418838,0.3330351666666666,5.4051261677115375e-05,-0.0956364566666666,8.203540163991705e-05,0.1,0.5
811.683366733467,0.3328084999999999,5.024788552765551e-05,-0.0960291099999999,7.970581471887729e-05,0.1,0.5
815.6312625250501,0.3325691666666666,4.787837600512984e-05,-0.09641772,7.863776616020239e-05,0.1,0.5
819.5791583166333,0.3323148333333334,5.546295059667543e-05,-0.0967941033333333,7.994432430691508e-05,0.1,0.5
823.5270541082165,0.3320708333333333,5.194168738968828e-05,-0.0971775966666666,8.30676290072678e-05,0.1,0.5
827.4749498997996,0.3317941333333333,5.650706937089633e-05,-0.0975529633333333,7.499820657114948e-05,0.1,0.5
831.4228456913828,0.3315478,5.296124369134021e-05,-0.0979161133333333,7.830434527463126e-05,0.1,0.5
835.370741482966,0.3312824333333333,5.609496907527443e-05,-0.0982752033333333,7.513156674941782e-05,0.1,0.5
839.3186372745491,0.3310211333333334,5.682648052527766e-05,-0.09864957,8.254655716624338e-05,0.1,0.5
843.2665330661323,0.3307665,4.9686852721155336e-05,-0.0990473233333333,7.90684205117463e-05,0.1,0.5
847.2144288577155,0.3305062666666666,5.704789410855444e-05,-0.09942878,8.03276307796207e-05,0.1,0.5
851.1623246492986,0.3302632666666666,5.109659697300977e-05,-0.0998133,7.652762028618718e-05,0.1,0.5
855.1102204408818,0.3299843333333334,5.949864610971014e-05,-0.1001734333333333,7.665188988030273e-05,0.1,0.5
859.058116232465,0.3297025333333334,5.592479076601078e-05,-0.1005363999999999,7.81270759724179e-05,0.1,0.5
863.0060120240481,0.3294525,5.445166051952622e-05,-0.1009222333333333,7.678354134983776e-05,0.1,0.5
866.9539078156313,0.3291972666666666,5.3497621961694034e-05,-0.1013106333333333,8.185413177652603e-05,0.1,0.5
870.9018036072144,0.3289446333333333,5.194707777045216e-05,-0.1016871666666666,7.48420930285146e-05,0.1,0.5
874.8496993987976,0.3286863999999999,5.4249178181184354e-05,-0.1020441666666666,7.621639514493491e-05,0.1,0.5
878.7975951903808,0.3284434000000001,5.13319913244346e-05,-0.1024103,7.638898262620627e-05,0.1,0.5
882.7454909819639,0.3281847,6.068176552035117e-05,-0.1027887999999999,7.961716732798969e-05,0.1,0.5
886.6933867735471,0.3279274999999999,5.5036200207991305e-05,-0.1031609333333333,7.282853531106914e-05,0.1,0.5
890.6412825651303,0.3276387666666666,6.149020698905476e-05,-0.1035101666666667,7.529678316870882e-05,0.1,0.5
894.5891783567134,0.3273720333333333,5.2958778518988266e-05,-0.1038802,7.754026910794923e-05,0.1,0.5
898.5370741482966,0.3270974333333332,5.8924631710539015e-05,-0.1042536999999999,7.661773075905371e-05,0.1,0.5
902.4849699398798,0.3268452666666666,5.574043017015697e-05,-0.1046341,7.736207080992514e-05,0.1,0.5
906.4328657314628,0.3265614,5.920844534353921e-05,-0.1049858333333333,7.1792331685835e-05,0.1,0.5
910.380761523046,0.3263170666666667,5.286708700967058e-05,-0.1053503,7.443616952351425e-05,0.1,0.5
914.3286573146293,0.3260527333333333,5.708352554711655e-05,-0.1057030666666666,7.276580393441941e-05,0.1,0.5
918.2765531062124,0.3257701333333333,5.820465808011632e-05,-0.1060451666666666,7.07583132139889e-05,0.1,0.5
922.2244488977956,0.3255002333333333,5.447671265983672e-05,-0.1064101666666666,7.435235182711049e-05,0.1,0.5
926.1723446893787,0.3252440333333333,5.605145453559564e-05,-0.1067702,7.430720018948258e-05,0.1,0.5
930.120240480962,0.3249797,5.026274299451445e-05,-0.1071274333333333,7.146173023996012e-05,0.1,0.5
934.0681362725452,0.3247159,5.6561677249995846e-05,-0.1074934333333333,7.397823253423284e-05,0.1,0.5
938.0160320641282,0.3244566333333332,5.222035575859287e-05,-0.1078680333333333,7.250125669408785e-05,0.1,0.5
941.9639278557116,0.3241943333333333,5.776119420125924e-05,-0.1082340333333333,6.984434280757646e-05,0.1,0.5
945.9118236472948,0.3239276333333334,5.575212003942082e-05,-0.1085963333333333,7.219756844166411e-05,0.1,0.5
949.8597194388778,0.3236386666666667,6.044575161986146e-05,-0.1089289333333333,6.752625826710295e-05,0.1,0.5
953.807615230461,0.3233652333333334,5.192538450080147e-05,-0.1092766,7.370780148668117e-05,0.1,0.5
957.7555110220442,0.3231017,5.716067995864304e-05,-0.1096268999999999,7.117459752842606e-05,0.1,0.5
961.7034068136272,0.3228279666666667,5.7067494152873766e-05,-0.1099766333333333,7.089216380453356e-05,0.1,0.5
965.6513026052104,0.3225584999999999,5.613362034762735e-05,-0.1103318,6.897651774335967e-05,0.1,0.5
969.5991983967936,0.3222676333333333,5.852548352829865e-05,-0.1106501333333333,6.898006153149567e-05,0.1,0.5
973.5470941883768,0.3219978333333333,5.842606914344844e-05,-0.1110212333333333,7.555557924836308e-05,0.1,0.5
977.49498997996,0.3217131999999999,5.677875189422709e-05,-0.1113785666666666,6.838649151858891e-05,0.1,0.5
981.4428857715432,0.3214335666666665,5.913018593652891e-05,-0.1117160666666666,7.187346906582185e-05,0.1,0.5
985.3907815631264,0.3211595666666667,5.414959731050076e-05,-0.1120581,6.991058575065755e-05,0.1,0.5
989.3386773547096,0.3208820666666666,5.975446054945013e-05,-0.1124028333333333,7.192685327624318e-05,0.1,0.5
993.2865731462928,0.3206126333333333,5.503543303081651e-05,-0.1127536333333333,6.823219344431224e-05,0.1,0.5
997.2344689378758,0.3203243999999999,6.068860409225979e-05,-0.1130693333333333,6.564720523796645e-05,0.1,0.5
1001.182364729459,0.3200244333333333,5.883065149695268e-05,-0.1133824666666666,6.497473013068722e-05,0.1,0.5
1005.130260521042,0.3197479333333332,5.549410379090659e-05,-0.1137190666666666,7.291498855211961e-05,0.1,0.5
1009.0781563126252,0.3194597333333333,5.995828179288511e-05,-0.1140722,7.278571288378056e-05,0.1,0.5
1013.0260521042084,0.3191913666666667,5.532117336265545e-05,-0.1144259666666666,7.080606533969463e-05,0.1,0.5
1016.9739478957916,0.3188964999999999,6.0391362517046375e-05,-0.1147569,6.792169511037216e-05,0.1,0.5
1020.9218436873748,0.3186316333333333,5.616136473492053e-05,-0.1151046333333333,6.946485122387863e-05,0.1,0.5
1024.869739478958,0.3183337666666667,6.215662117228481e-05,-0.115426,6.700596988328755e-05,0.1,0.5
1028.8176352705411,0.3180348666666666,6.056772150979697e-05,-0.1157426,6.319208811235751e-05,0.1,0.5
1032.7655310621244,0.3177517333333334,5.708352554711655e-05,-0.1160669,7.042033323787534e-05,0.1,0.5
1036.7134268537077,0.3174732,6.0656629206277457e-05,-0.1164088333333333,7.007523734450585e-05,0.1,0.5
1040.6613226452905,0.3171915666666666,6.018675564903077e-05,-0.1167312666666666,6.842364763409951e-05,0.1,0.5
1044.6092184368738,0.3169064666666666,6.081158515356624e-05,-0.1170850666666666,7.113364573502228e-05,0.1,0.5
1048.557114228457,0.3165973666666666,6.269528601808447e-05,-0.1174038,6.346621148296147e-05,0.1,0.5
1052.50501002004,0.3163208333333333,5.61094664225474e-05,-0.1177463666666666,7.005544629474333e-05,0.1,0.5
1056.4529058116234,0.3160346,6.0864658601416376e-05,-0.1180709666666666,6.610369799707914e-05,0.1,0.5
1060.4008016032064,0.3157519666666666,5.826633295099177e-05,-0.1183965666666666,6.79915109080207e-05,0.1,0.5
1064.3486973947895,0.3154623000000001,5.845576675287959e-05,-0.1187157666666666,6.296066673372757e-05,0.1,0.5
1068.2965931863728,0.3151638333333333,6.381592451905381e-05,-0.1190333999999999,6.393882492925069e-05,0.1,0.5
1072.244488977956,0.3148547666666666,5.9139204894513056e-05,-0.1193516666666666,6.604712122585012e-05,0.1,0.5
1076.192384769539,0.3145681,6.0014637103505245e-05,-0.1196831333333333,6.528487999189063e-05,0.1,0.5
1080.1402805611224,0.3142748,6.065662920626029e-05,-0.1199885999999999,6.757691913664015e-05,0.1,0.5
1084.0881763527054,0.3139830666666666,5.774826596722884e-05,-0.1202955999999999,6.053131421008432e-05,0.1,0.5
1088.0360721442887,0.3136831333333333,6.254957145247624e-05,-0.1206026666666666,6.604712122585085e-05,0.1,0.5
1091.9839679358718,0.3133877666666667,6.073312294145621e-05,-0.1209265333333333,6.621315747056766e-05,0.1,0.5
1095.931863727455,0.3130878666666666,5.916628168888411e-05,-0.1212498,6.926442088114242e-05,0.1,0.5
1099.879759519038,0.3128113666666666,6.038348744113793e-05,-0.1215876333333333,6.932891812864865e-05,0.1,0.5
1103.8276553106214,0.3125088333333333,6.187464926948023e-05,-0.1218907333333333,6.071020415785967e-05,0.1,0.5
1107.7755511022044,0.3122181,6.0014637103512685e-05,-0.1221947666666666,6.486945009444397e-05,0.1,0.5
1111.7234468937877,0.3119182,6.0849212539409046e-05,-0.1225093333333333,6.673296703196321e-05,0.1,0.5
1115.6713426853707,0.3116045666666667,6.12914802852364e-05,-0.1228214999999999,6.421098036940596e-05,0.1,0.5
1119.619238476954,0.3112995333333333,6.185452467057217e-05,-0.1231336333333333,6.401951959276942e-05,0.1,0.5
1123.567134268537,0.3109954999999999,6.176663068896445e-05,-0.1234401999999999,6.482921152279064e-05,0.1,0.5
1127.5150300601204,0.3107165333333333,5.827505660419205e-05,-0.1237624999999999,6.478567228433554e-05,0.1,0.5
1131.4629258517034,0.3104237,6.068176552034796e-05,-0.1240583666666666,6.031610251186918e-05,0.1,0.5
1135.410821643287,0.3101013333333332,6.617317348358838e-05,-0.1243515666666666,6.395502760186729e-05,0.1,0.5
1139.3587174348695,0.3097907666666666,6.053411343109395e-05,-0.1246475,6.186369425330731e-05,0.1,0.5
1143.306613226453,0.3095020999999999,6.001463710352534e-05,-0.1249618666666666,6.361903977758783e-05,0.1,0.5
1147.254509018036,0.3091978666666666,6.17542081337182e-05,-0.1252585,6.186369425331272e-05,0.1,0.5
1151.202404809619,0.3089058333333334,5.737251568090621e-05,-0.1255614666666666,6.421771994984171e-05,0.1,0.5
1155.1503006012024,0.3086170999999999,6.001463710351652e-05,-0.1258644666666666,6.0029844429440845e-05,0.1,0.5
1159.0981963927857,0.3083333000000001,6.15170166160075e-05,-0.1261596666666666,6.276534783532711e-05,0.1,0.5
1163.0460921843687,0.3080371666666667,6.007555428144797e-05,-0.1264738333333333,6.19656266722897e-05,0.1,0.5
1166.993987975952,0.307725,6.578196308007309e-05,-0.1267575333333333,5.6141923333238274e-05,0.1,0.5
1170.941883767535,0.3074044,6.435298490876366e-05,-0.1270395999999999,6.122341599965289e-05,0.1,0.5
1174.8897795591183,0.3071083333333332,5.835770919272368e-05,-0.1273405666666666,6.011915021207519e-05,0.1,0.5
1178.8376753507014,0.3068134999999999,6.328599107754528e-05,-0.1276345666666666,6.272356459541353e-05,0.1,0.5
1182.7855711422849,0.3064989,6.305465882867061e-05,-0.1279216333333333,5.854484510943821e-05,0.1,0.5
1186.7334669338677,0.3062071,5.783214215872482e-05,-0.1282215666666666,6.032284439211044e-05,0.1,0.5
1190.681362725451,0.3058990666666666,6.469669405945165e-05,-0.1285216666666666,6.190117572029409e-05,0.1,0.5
1194.629258517034,0.3055915333333334,6.618193778433727e-05,-0.1288014666666666,5.440510596952205e-05,0.1,0.5
1198.5771543086173,0.3052906333333333,5.950937367806885e-05,-0.1290872,6.065662920626411e-05,0.1,0.5
1202.5250501002004,0.3049805,6.237881584855318e-05,-0.1293751,6.037844538133157e-05,0.1,0.5
1206.4729458917836,0.3046617666666666,6.512791686793669e-05,-0.1296549666666666,5.609722710517389e-05,0.1,0.5
1210.4208416833667,0.3043689666666666,5.826633295099757e-05,-0.1299548666666666,6.066065904320706e-05,0.1,0.5
1214.36873747495,0.3040599666666667,6.126036420250326e-05,-0.1302222999999999,5.420402814060222e-05,0.1,0.5
1218.316633266533,0.3037686,6.254683578460924e-05,-0.1305207,6.235925485978297e-05,0.1,0.5
1222.2645290581163,0.3034565333333334,6.474551893546634e-05,-0.1307942,5.462502479023577e-05,0.1,0.5
1226.2124248496991,0.3031452,6.296581082884385e-05,-0.1310769333333333,6.085114807645711e-05,0.1,0.5
1230.1603206412826,0.3028389666666666,6.325265914480669e-05,-0.1313609666666666,5.70581477286339e-05,0.1,0.5
1234.1082164328657,0.3025329,6.314340820703344e-05,-0.1316426,5.703601201580054e-05,0.1,0.5
1238.056112224449,0.3022449666666666,6.09800422725037e-05,-0.1319425333333333,5.882274692289737e-05,0.1,0.5
1242.004008016032,0.3019274666666666,6.621315747057491e-05,-0.1322133999999999,5.53254612874217e-05,0.1,0.5
1245.9519038076153,0.3016215,6.334916468800117e-05,-0.1324848333333333,5.877362409183285e-05,0.1,0.5
1249.8997995991986,0.3013262999999999,5.984154075556937e-05,-0.1327573333333333,5.5177491385120125e-05,0.1,0.5
1253.8476953907816,0.3010231999999999,6.384951056978729e-05,-0.1330414999999999,6.139313208060355e-05,0.1,0.5
1257.795591182365,0.3007008666666666,6.550304488258762e-05,-0.1333139666666666,4.888181893324601e-05,0.1,0.5
1261.743486973948,0.3003873,6.121609265545554e-05,-0.1335895,5.98591402098904e-05,0.1,0.5
1265.6913827655312,0.3000802666666666,6.226284784864135e-05,-0.1338716,5.424917818118419e-05,0.1,0.5
1269.6392785571145,0.2997722333333333,6.626597082130676e-05,-0.1341318666666666,5.805614141119059e-05,0.1,0.5
1273.5871743486975,0.2994626333333333,6.394762613959403e-05,-0.1344165333333333,5.885617120480502e-05,0.1,0.5
1277.5350701402806,0.2991444333333334,6.354771610548573e-05,-0.1346822666666666,5.566383226316411e-05,0.1,0.5
1281.482965931864,0.2988372666666666,6.445770361683535e-05,-0.1349426,5.2040112733665295e-05,0.1,0.5
1285.430861723447,0.2985226666666666,6.634723472425724e-05,-0.1352079666666666,5.6051454535586174e-05,0.1,0.5
1289.3787575150302,0.2982217333333333,6.049955004424312e-05,-0.1354826666666667,5.2331847112657314e-05,0.1,0.5
1293.3266533066133,0.2979196333333333,6.418903506225101e-05,-0.1357534333333333,5.699396654228244e-05,0.1,0.5
1297.2745490981963,0.2975940333333333,6.626687625721514e-05,-0.1360116333333333,5.18687338919704e-05,0.1,0.5
1301.2224448897796,0.2972777999999999,6.38495105697772e-05,-0.1362678333333333,5.5343222007960574e-05,0.1,0.5
1305.1703406813629,0.2969560666666667,6.475179963179093e-05,-0.1365215,5.089973804778548e-05,0.1,0.5
1309.118236472946,0.2966338,6.324998023715118e-05,-0.1367716333333333,5.414208673070244e-05,0.1,0.5
1313.0661322645292,0.2963379666666667,6.413916293671398e-05,-0.1370379666666666,5.71025296189998e-05,0.1,0.5
1317.0140280561122,0.2960242999999999,6.584838646466887e-05,-0.1372977,5.332488474749703e-05,0.1,0.5
1320.9619238476955,0.295702,6.291422732578251e-05,-0.1375609999999999,5.317643588408157e-05,0.1,0.5
1324.9098196392786,0.2953796666666666,6.246403409607472e-05,-0.1378039999999999,5.0859938392939466e-05,0.1,0.5
1328.8577154308618,0.2950763,6.252314238210084e-05,-0.1380715666666666,5.4296521271826766e-05,0.1,0.5
1332.805611222445,0.294757,6.57819630800566e-05,-0.1383129,5.306621649724606e-05,0.1,0.5
1336.7535070140282,0.2944407,6.365068734899887e-05,-0.1385751333333333,5.69600639824813e-05,0.1,0.5
1340.7014028056112,0.2941252,6.401687277585062e-05,-0.1388333666666666,5.4543855953010506e-05,0.1,0.5
1344.6492985971945,0.2938120666666667,6.667829898516376e-05,-0.1390809666666666,4.88094822299518e-05,0.1,0.5
1348.5971943887776,0.2934933666666666,6.390904126611676e-05,-0.1393290333333333,5.261842727495171e-05,0.1,0.5
1352.5450901803608,0.2931873,6.164584333107157e-05,-0.1395801333333333,5.2695182153795136e-05,0.1,0.5
1356.492985971944,0.2928701333333333,6.254957145247075e-05,-0.1398272666666666,5.064315243829359e-05,0.1,0.5
1360.4408817635272,0.2925615,6.328599107753047e-05,-0.1400817999999999,5.573054219486308e-05,0.1,0.5
1364.3887775551102,0.2922585333333333,6.46208084821584e-05,-0.1403441,4.9548192028910304e-05,0.1,0.5
1368.3366733466935,0.2919393333333334,6.507756056343818e-05,-0.1405891333333333,5.24243794007716e-05,0.1,0.5
1372.2845691382763,0.2916165666666667,6.46888364059396e-05,-0.1408254666666666,5.097040535665613e-05,0.1,0.5
1376.2324649298598,0.2913044666666666,6.663369184494881e-05,-0.1410816999999999,5.098571695418833e-05,0.1,0.5
1380.1803607214429,0.2909849333333333,6.471163385013558e-05,-0.1413287666666666,5.426151695466825e-05,0.1,0.5
1384.128256513026,0.2906766333333334,6.401951959276427e-05,-0.1415781,4.9009080791221245e-05,0.1,0.5
1388.0761523046092,0.2903685666666667,6.583498732099001e-05,-0.1418233666666667,5.032658895212372e-05,0.1,0.5
1392.0240480961925,0.2900581666666666,6.638528116649947e-05,-0.1420673666666666,5.144542955620564e-05,0.1,0.5
1395.9719438877755,0.2897326666666667,6.511698873736935e-05,-0.1423012,4.804955775029908e-05,0.1,0.5
1399.9198396793588,0.2894144333333333,6.524552773094304e-05,-0.1425446666666666,4.961876885032465e-05,0.1,0.5
1403.867735470942,0.2890876333333333,6.897269185860768e-05,-0.1427774666666666,5.029694048570629e-05,0.1,0.5
1407.8156312625251,0.2887745333333333,6.712810307332499e-05,-0.1430215,5.089973804779158e-05,0.1,0.5
1411.7635270541082,0.2884543,6.147365289293695e-05,-0.1432625999999999,4.848339922076315e-05,0.1,0.5
1415.7114228456917,0.2881436333333333,6.40195195927681e-05,-0.1434967666666666,5.338332032468958e-05,0.1,0.5
1419.6593186372745,0.2878285,6.578183639881615e-05,-0.1437387333333333,4.7337042108226056e-05,0.1,0.5
1423.6072144288578,0.287508,6.663282474376937e-05,-0.1439715666666666,4.694868356928966e-05,0.1,0.5
1427.5551102204408,0.2871996333333333,6.367075903078303e-05,-0.1442169666666667,5.257786817875109e-05,0.1,0.5
1431.503006012024,0.2868845,6.280963301914872e-05,-0.1444560333333333,4.767143332809318e-05,0.1,0.5
1435.4509018036072,0.2865792333333332,6.686388329202584e-05,-0.1446969666666667,4.631881067365953e-05,0.1,0.5
1439.3987975951904,0.2862638666666666,6.525372701148086e-05,-0.1449237333333333,4.533205880561712e-05,0.1,0.5
1443.3466933867735,0.2859324666666667,6.512947787975811e-05,-0.1451376666666666,4.925872737112015e-05,0.1,0.5
1447.2945891783568,0.2856116999999999,6.239185310065287e-05,-0.1453582666666666,4.376599390190449e-05,0.1,0.5
1451.24248496994,0.2852985333333333,6.47455189354606e-05,-0.1455880666666666,4.5631081025502006e-05,0.1,0.5
1455.190380761523,0.2849731000000001,6.652936694924287e-05,-0.1458189,4.92208289243531e-05,0.1,0.5
1459.1382765531064,0.2846473666666667,6.677848123127024e-05,-0.1460399333333333,4.952032130572241e-05,0.1,0.5
1463.0861723446894,0.2843372666666667,6.412900193273264e-05,-0.1462687,4.82079868901341e-05,0.1,0.5
1467.0340681362727,0.2840198,6.480144031321492e-05,-0.1464923333333333,4.141041200256923e-05,0.1,0.5
1470.9819639278558,0.2837115666666667,6.708834142796616e-05,-0.1467223,4.9238298102193374e-05,0.1,0.5
1474.929859719439,0.2833851999999999,6.92644208811373e-05,-0.1469421999999999,4.75397377639616e-05,0.1,0.5
1478.877755511022,0.2830553666666667,6.417189589081702e-05,-0.1471547666666666,4.851575918079209e-05,0.1,0.5
1482.8256513026054,0.2827482999999999,6.423091156133165e-05,-0.1473793666666666,4.243621357075276e-05,0.1,0.5
1486.7735470941884,0.2824158333333333,6.719131061544642e-05,-0.1475847999999999,4.2802180629811375e-05,0.1,0.5
1490.7214428857717,0.2820879333333332,6.850544179520084e-05,-0.1478079666666666,4.999365515297698e-05,0.1,0.5
1494.6693386773547,0.2817737333333333,6.170679775267145e-05,-0.1480326333333333,4.801144539471088e-05,0.1,0.5
1498.617234468938,0.2814543333333333,6.437304473837956e-05,-0.1482400333333333,4.503959986007779e-05,0.1,0.5
1502.565130260521,0.2811307666666666,6.4720261295999e-05,-0.1484585666666666,4.037052004728781e-05,0.1,0.5
1506.5130260521044,0.2808054,6.793702966719119e-05,-0.1486644333333333,4.209646329826763e-05,0.1,0.5
1510.4609218436874,0.2804766666666667,6.724300872375834e-05,-0.1488688,4.116665317139149e-05,0.1,0.5
1514.408817635271,0.2801654999999999,6.421098036941205e-05,-0.1490893666666666,5.0034310450150256e-05,0.1,0.5
1518.3567134268535,0.2798371,6.711649077041176e-05,-0.1492988666666666,4.7499988304087216e-05,0.1,0.5
1522.304609218437,0.2795091999999999,6.55542523411045e-05,-0.1495129333333333,4.339733734792063e-05,0.1,0.5
1526.25250501002,0.2791940333333333,6.623568189092768e-05,-0.1497223,4.158457245982941e-05,0.1,0.5
1530.200400801603,0.2788696333333333,6.451278081814211e-05,-0.1499246333333333,3.782546173617764e-05,0.1,0.5
1534.1482965931864,0.2785560333333333,6.607545350245722e-05,-0.1501411,4.547259247796453e-05,0.1,0.5
1538.0961923847697,0.2782256333333333,6.401951959276821e-05,-0.1503308333333333,4.245710253368551e-05,0.1,0.5
1542.0440881763527,0.2777382333333333,0.0001471744278814,-0.1506144333333333,9.74671511615844e-05,0.03,0.5
1545.991983967936,0.2773376666666667,9.008230804226552e-05,-0.150896,6.284159980988664e-05,0.03,0.5
1549.939879759519,0.2769966666666666,8.741294081668776e-05,-0.1510874333333333,5.667961616745028e-05,0.03,0.5
1553.8877755511023,0.2766773,8.885574451509656e-05,-0.1513122666666666,5.622391740966844e-05,0.03,0.5
1557.8356713426854,0.276353,8.767173622856815e-05,-0.1515033999999999,5.141309820139143e-05,0.03,0.5
1561.7835671342689,0.2760607333333333,8.719974515762461e-05,-0.1517119,5.233185772867079e-05,0.03,0.5
1565.7314629258517,0.2757394666666666,9.06365391121104e-05,-0.1519030666666666,4.848431590616621e-05,0.03,0.5
1569.679358717435,0.2754260999999999,9.47809228343592e-05,-0.1521129333333333,5.200380327971153e-05,0.03,0.5
1573.627254509018,0.2750811666666666,9.23497277863931e-05,-0.1522847666666666,4.694868356928967e-05,0.03,0.5
1577.5751503006013,0.2747619333333333,8.46013921608529e-05,-0.1524870333333333,5.688085989348252e-05,0.03,0.5
1581.5230460921844,0.2744250333333333,8.764301962442978e-05,-0.1526934666666666,5.92777267520287e-05,0.03,0.5
1585.4709418837676,0.2741066333333333,8.212773925754322e-05,-0.1528941666666667,5.115667654916647e-05,0.03,0.5
1589.4188376753507,0.2738109,9.552254533180417e-05,-0.1531037333333333,5.5522327841046826e-05,0.03,0.5
1593.366733466934,0.2734494666666667,8.537514600606346e-05,-0.1532622666666666,5.033483441470736e-05,0.03,0.5
1597.314629258517,0.2731179333333333,8.622100800978705e-05,-0.153428,6.183849933496354e-05,0.03,0.5
1601.2625250501003,0.2727987,7.916950170363502e-05,-0.1536171333333333,5.4001069948240674e-05,0.03,0.5
1605.2104208416831,0.2724861333333333,8.866293225219355e-05,-0.1538148,6.005075630942533e-05,0.03,0.5
1609.1583166332666,0.2721526666666667,8.807850034045717e-05,-0.1540252333333333,5.44405996374831e-05,0.03,0.5
1613.1062124248497,0.2718412333333333,8.950481675430766e-05,-0.1542061999999999,5.3335666615623545e-05,0.03,0.5
1617.054108216433,0.2714954333333333,8.732188856307593e-05,-0.1543749999999999,5.872705225590063e-05,0.03,0.5
1621.002004008016,0.2712168333333333,8.80727287845413e-05,-0.1546071666666666,4.390526417437744e-05,0.03,0.5
1624.9498997995993,0.2709012666666667,9.238287479590596e-05,-0.1547994333333333,4.427466042281865e-05,0.03,0.5
1628.8977955911823,0.2705666333333333,8.789216246185836e-05,-0.1549662666666666,3.648463908125082e-05,0.03,0.5
1632.8456913827656,0.2702453333333333,9.560276611525962e-05,-0.1551563333333333,4.433834558131622e-05,0.03,0.5
1636.7935871743489,0.2698942,8.336002239283195e-05,-0.1553047666666666,5.292427504358849e-05,0.03,0.5
1640.741482965932,0.2695718666666666,8.519535720266091e-05,-0.1555012333333332,4.722194640441717e-05,0.03,0.5
1644.689378757515,0.2692482666666666,8.513476897771456e-05,-0.1556763,5.099617632725477e-05,0.03,0.5
1648.6372745490985,0.268937,8.548762093621265e-05,-0.1558644,4.671730585839338e-05,0.03,0.5
1652.5851703406815,0.2686370666666667,9.032605136701028e-05,-0.1560504333333333,4.694939355897012e-05,0.03,0.5
1656.5330661322646,0.2683184333333334,8.969603608236284e-05,-0.1562455999999999,3.778059466622497e-05,0.03,0.5
1660.480961923848,0.2679980333333333,9.260722913946436e-05,-0.1564128999999999,4.4715657213099725e-05,0.03,0.5
1664.428857715431,0.2676514,8.879174135769939e-05,-0.1565552,5.0080867937105306e-05,0.03,0.5
1668.3767535070142,0.2673245333333333,8.57013159499658e-05,-0.1567402333333332,5.3621316242283e-05,0.03,0.5
1672.3246492985973,0.2669920666666667,9.0837559534712e-05,-0.1569253,5.174756032897081e-05,0.03,0.5
1676.2725450901803,0.2666838333333333,8.182749470007186e-05,-0.1571012666666666,4.292624165033031e-05,0.03,0.5
1680.2204408817636,0.2663836666666667,8.779534282764496e-05,-0.157302,4.973865029665185e-05,0.03,0.5
1684.1683366733469,0.2660675,9.63565427635004e-05,-0.1574931333333333,4.113452186289762e-05,0.03,0.5
1688.11623246493,0.2657162666666667,9.600171294768815e-05,-0.1576720666666666,4.582061641759885e-05,0.03,0.5
1692.0641282565132,0.2653959,8.724538192172467e-05,-0.1578540333333334,4.076148781496073e-05,0.03,0.5
1696.0120240480962,0.2650381,9.425156055294364e-05,-0.1580013666666666,5.425647938776563e-05,0.03,0.5
1699.9599198396795,0.2647010666666666,8.817895944547798e-05,-0.1581880333333333,5.4953606695905856e-05,0.03,0.5
1703.9078156312626,0.2644000999999999,9.030812071272976e-05,-0.1583792,4.237640853116655e-05,0.03,0.5
1707.8557114228458,0.2641643666666667,4.001123453343203e-05,-0.1586831333333333,0.0001334627871564,0.03,0.5
1711.803607214429,0.2639493666666667,7.824469453082331e-05,-0.1590302999999999,5.441945117940084e-05,0.03,0.5
1715.7515030060122,0.2636310333333333,8.355057683157728e-05,-0.1591970666666666,5.204416927528857e-05,0.03,0.5
1719.6993987975952,0.2632965666666667,8.166626530513924e-05,-0.1593577,5.5456980324096544e-05,0.03,0.5
1723.6472945891785,0.2630073333333333,8.23024233476076e-05,-0.1595427333333333,4.712319551511373e-05,0.03,0.5
1727.5951903807616,0.2626728333333333,8.458096055785345e-05,-0.1596881,4.2093031885736833e-05,0.03,0.5
1731.5430861723448,0.2623900666666666,8.713741382947925e-05,-0.1598776,3.778059466622496e-05,0.03,0.5
1735.490981963928,0.2620551666666667,8.890147480342057e-05,-0.1600240999999999,3.903532588139807e-05,0.03,0.5
1739.4388777555112,0.2617481666666666,9.133713495738688e-05,-0.1601917,3.400994952461516e-05,0.03,0.5
1743.3867735470942,0.2614276333333333,8.806493185271714e-05,-0.1603260666666666,4.441316121251952e-05,0.03,0.5
1747.3346693386777,0.2610939666666667,8.653919471674776e-05,-0.1604692666666666,4.42921613330836e-05,0.03,0.5
1751.2825651302603,0.2607625666666666,8.717594596880053e-05,-0.1606311333333333,4.852541144138225e-05,0.03,0.5
1755.2304609218438,0.2604377666666667,8.109857513476356e-05,-0.1607779333333333,3.967193242359777e-05,0.03,0.5
1759.1783567134269,0.2601469666666667,8.13869290624923e-05,-0.1609395333333333,3.889878604218676e-05,0.03,0.5
1763.12625250501,0.2598388666666666,8.531538873823487e-05,-0.1611063333333333,4.740839119350027e-05,0.03,0.5
1767.0741482965932,0.2595069666666666,8.212692750993628e-05,-0.1612394333333333,4.49930982361656e-05,0.03,0.5
1771.0220440881765,0.2591816,8.642515066036492e-05,-0.1614041333333333,5.3195697403293137e-05,0.03,0.5
1774.9699398797595,0.2588856,7.983508000872393e-05,-0.1615732333333333,4.371779449554952e-05,0.03,0.5
1778.9178356713428,0.2585548666666666,8.738677754036366e-05,-0.1617209666666667,4.436326057549474e-05,0.03,0.5
1782.865731462926,0.2582448,8.819538914629448e-05,-0.1618794666666666,4.068638866035971e-05,0.03,0.5
1786.8136272545091,0.2579119666666666,8.555173223780508e-05,-0.1620177333333333,3.64252049487136e-05,0.03,0.5
1790.7615230460922,0.2575906333333333,8.705533999831124e-05,-0.1621581,4.76678438083103e-05,0.03,0.5
1794.7094188376757,0.2572957333333333,8.626738794134061e-05,-0.1623349666666667,4.047425793706225e-05,0.03,0.5
1798.6573146292585,0.2569608,8.626718186347544e-05,-0.1624583666666666,4.892748602666016e-05,0.03,0.5
1802.6052104208416,0.2566455666666666,8.666744230421878e-05,-0.1626170333333333,4.061156102502322e-05,0.03,0.5
1806.5531062124248,0.2563302999999999,8.623771410081149e-05,-0.1627562999999999,4.318035818903855e-05,0.03,0.5
1810.501002004008,0.2560137333333333,8.189014321367501e-05,-0.1629149666666666,3.899015545265878e-05,0.03,0.5
1814.4488977955912,0.2557077333333333,8.89422784107147e-05,-0.1630744666666666,4.137288430307784e-05,0.03,0.5
1818.3967935871744,0.2553760333333333,8.9093764590401e-05,-0.1632179333333333,4.537468702065719e-05,0.03,0.5
1822.3446893787573,0.2550566333333333,8.81527021076975e-05,-0.1633628333333333,4.130220602125909e-05,0.03,0.5
1826.2925851703408,0.2547536333333333,8.945668722286143e-05,-0.1635040999999999,3.558777880115705e-05,0.03,0.5
1830.240480961924,0.2544197666666666,8.63622924403705e-05,-0.1636312333333333,3.446416818797615e-05,0.03,0.5
1834.188376753507,0.2541187,9.089193216856126e-05,-0.1637927333333333,3.493511445840735e-05,0.03,0.5
1838.1362725450904,0.2537791,8.904356611607667e-05,-0.1639137666666666,4.038372884660165e-05,0.03,0.5
1842.0841683366727,0.2534380333333333,8.656268762515479e-05,-0.1640286666666666,3.828431648715006e-05,0.03,0.5
1846.0320641282565,0.2531371333333333,7.984849542867585e-05,-0.1641773666666666,3.622934660680212e-05,0.03,0.5
1849.97995991984,0.2528258,8.668886895098871e-05,-0.1643281666666666,4.044591725034418e-05,0.03,0.5
1853.927855711423,0.2525002,9.042101525641494e-05,-0.1644825666666666,4.444748461824629e-05,0.03,0.5
1857.875751503006,0.2521890666666666,8.003163263499825e-05,-0.1646138,3.7333988089493895e-05,0.03,0.5
1861.823647294589,0.2518685333333333,8.386883939951932e-05,-0.1647561666666666,3.876259651892741e-05,0.03,0.5
1865.7715430861724,0.2515450333333333,7.900357938445255e-05,-0.1648832333333333,3.231581999922664e-05,0.03,0.5
1869.719438877756,0.2512379666666666,8.874926603765663e-05,-0.1650165999999999,4.601927132553253e-05,0.03,0.5
1873.6673346693387,0.2509081666666667,8.687158466507844e-05,-0.1651449333333333,4.143986271963906e-05,0.03,0.5
1877.615230460922,0.250599,8.395792597088926e-05,-0.1652843,3.44162267929838e-05,0.03,0.5
1881.563126252505,0.2502848333333333,8.556170612812498e-05,-0.1654245,3.904420571608895e-05,0.03,0.5
1885.5110220440883,0.2499655999999999,8.675621015236141e-05,-0.1655454666666666,3.900575456119608e-05,0.03,0.5
1889.458917835672,0.2496520333333333,8.208348730950763e-05,-0.1656847666666666,3.403202739904125e-05,0.03,0.5
1893.406813627255,0.2493439666666666,8.511775503514841e-05,-0.1658189666666666,3.0289143636332657e-05,0.03,0.5
1897.3547094188373,0.2490252333333333,8.854741981309381e-05,-0.1659496333333333,3.633041272665315e-05,0.03,0.5
1901.302605210421,0.2486826666666667,8.644163091679475e-05,-0.1660451666666667,4.008913679401413e-05,0.03,0.5
1905.250501002004,0.2483641333333333,8.418382003422826e-05,-0.1661682666666666,3.901361585679505e-05,0.03,0.5
1909.198396793588,0.2480599333333333,8.397417592463688e-05,-0.1663206666666666,3.645118501350986e-05,0.03,0.5
1913.1462925851704,0.2477294999999999,8.018592977157922e-05,-0.1664355333333333,3.589961312079068e-05,0.03,0.5
1917.0941883767537,0.2474109333333333,8.117221746932993e-05,-0.1665525333333333,3.568074488510261e-05,0.03,0.5
1921.0420841683367,0.2471038,8.065085244434375e-05,-0.1666765333333333,3.556752576282348e-05,0.03,0.5
1924.98997995992,0.2467967333333333,8.189014321366641e-05,-0.1668052333333333,3.794617533061235e-05,0.03,0.5
1928.937875751503,0.2464740666666666,8.33642342707879e-05,-0.1669118666666666,3.28803217069991e-05,0.03,0.5
1932.8857715430863,0.2461689999999999,8.765462528202733e-05,-0.1670441333333333,3.809438570475297e-05,0.03,0.5
1936.8336673346687,0.2458516666666666,9.081018053548998e-05,-0.1671965666666666,4.1854257715180505e-05,0.03,0.5
1940.7815631262529,0.2455259333333333,8.008867307899987e-05,-0.1672952666666666,2.882583717585737e-05,0.03,0.5
1944.729458917836,0.2452300666666666,8.748444941181366e-05,-0.1674314666666667,3.562464814640178e-05,0.03,0.5
1948.677354709419,0.2449208666666666,8.594600372067872e-05,-0.1675636999999999,3.0558304926814296e-05,0.03,0.5
1952.625250501002,0.2446023333333333,8.640074588154987e-05,-0.1676564333333333,3.258085668337198e-05,0.03,0.5
1956.5731462925853,0.2442953,8.350015968048118e-05,-0.1677846999999999,2.7147928097741268e-05,0.03,0.5
1960.5210420841684,0.2439574333333333,8.732990451283925e-05,-0.1678741333333333,4.1467845642407466e-05,0.03,0.5
1964.468937875752,0.2436359666666666,8.5099738868901e-05,-0.1680145,3.403405157583146e-05,0.03,0.5
1968.416833667335,0.2433350333333333,8.208348730949716e-05,-0.1681284,3.199437450553129e-05,0.03,0.5
1972.364729458918,0.2430285666666666,8.693740404579445e-05,-0.1682595333333333,3.751509325888011e-05,0.03,0.5
1976.312625250501,0.2427224999999999,8.824955146250226e-05,-0.1683642333333333,2.7262530248586746e-05,0.03,0.5
1980.2605210420843,0.2423889666666666,8.659348833614502e-05,-0.1684530666666666,3.63922458163248e-05,0.03,0.5
1984.208416833668,0.2420896666666666,8.396599840940737e-05,-0.1685802666666666,2.7355600685947795e-05,0.03,0.5
1988.1563126252504,0.2417592333333333,8.401653937701132e-05,-0.1686767333333332,2.738482953915232e-05,0.03,0.5
1992.1042084168337,0.2414397666666666,8.231025992480714e-05,-0.1687734,3.449985507216235e-05,0.03,0.5
1996.052104208417,0.2411335333333333,8.431517591091819e-05,-0.1689066333333334,3.057175530162417e-05,0.03,0.5
2000.0,0.2408477666666666,8.185909981316808e-05,-0.1690347,2.869512153659824e-05,0.03,0.5
