Frecuencia [Hz],X [V],Ruido X [V],Y [V],Ruido Y [V],Tiempo de integraci√≥n [s],Escala [V]
50080.0,0.026438660000000006,2.433187210224138e-06,0.05046565999999999,1.809161868563355e-06,0.001,0.1
50080.2,0.02678627333333333,4.30781718378218e-06,0.05096688,6.425646530375916e-06,0.001,0.1
50080.4,0.027134986666666666,2.891220426663189e-06,0.05149417666666666,7.176056639191728e-06,0.001,0.1
50080.6,0.027501060000000004,3.4550060299029927e-06,0.05202788333333333,6.738154214784945e-06,0.001,0.1
50080.8,0.02788247666666667,3.619915591404456e-06,0.052571226666666665,6.766926103401212e-06,0.001,0.1
50081.0,0.02826751,6.513644653085031e-06,0.053128256666666665,5.3347716810453885e-06,0.001,0.1
50081.2,0.028656736666666658,7.628345531998083e-06,0.05370494,6.277080000552647e-06,0.001,0.1
50081.4,0.029051703333333335,8.775324622042456e-06,0.054292136666666664,6.0733562019326595e-06,0.001,0.1
50081.6,0.029472113333333334,8.086356135835246e-06,0.054896893333333335,5.578884794971651e-06,0.001,0.1
50081.8,0.029907686666666662,2.2906670547143517e-06,0.055509423333333335,5.076854888172678e-06,0.001,0.1
50082.0,0.030358250000000003,8.835939867005638e-06,0.056134136666666674,6.886531944471523e-06,0.001,0.1
50082.2,0.030818669999999996,6.57196824906068e-06,0.05677960000000001,5.698128347681684e-06,0.001,0.1
50082.4,0.03128851999999999,8.598503745807405e-06,0.057439893333333325,7.299311991931428e-06,0.001,0.1
50082.6,0.03177972666666666,1.089023823838972e-05,0.05811703666666667,1.007288384172396e-05,0.001,0.1
50082.8,0.03229114666666667,5.481589388328054e-06,0.058807483333333334,1.2658859436071917e-05,0.001,0.1
50083.0,0.03280102333333333,6.731056545760701e-06,0.059523259999999995,1.0505509665567437e-05,0.001,0.1
50083.2,0.03334704333333334,7.579475942012813e-06,0.060259363333333336,1.1211020867383071e-05,0.001,0.1
50083.4,0.03390401666666667,7.134193873327238e-06,0.061003233333333344,1.2256218376354178e-05,0.001,0.1
50083.6,0.03448650333333333,8.895185339397789e-06,0.061767683333333316,8.38983843044001e-06,0.001,0.1
50083.8,0.03508819333333334,1.1618976814772389e-05,0.06255454,1.1013343422111134e-05,0.001,0.1
50084.0,0.03569869666666667,5.805255281973652e-06,0.06336247,8.131959583438109e-06,0.001,0.1
50084.2,0.036344386666666666,1.7729574789661714e-05,0.06420043,8.83470995562393e-06,0.001,0.1
50084.4,0.03699962333333333,1.9126189432874456e-05,0.06505353333333334,9.943585313600716e-06,0.001,0.1
50084.6,0.03768105333333334,1.576542066958274e-05,0.06593825999999998,2.27999999999895e-06,0.001,0.1
50084.8,0.03840154333333334,1.5578461270470668e-05,0.06683639333333334,1.4473445416424205e-05,0.001,0.1
50085.0,0.03913622666666666,1.6085478613402856e-05,0.06776794666666668,1.1369161016636455e-05,0.001,0.1
50085.2,0.039909723333333334,7.18608300041795e-06,0.06873865000000001,1.1940372691001433e-05,0.001,0.1
50085.4,0.040704080000000004,1.3895980234105958e-05,0.06971078333333333,1.8137108981924592e-05,0.001,0.1
50085.6,0.041543183333333324,1.0863243325800795e-05,0.07072775333333332,2.3203185605046257e-05,0.001,0.1
50085.8,0.042409369999999995,1.3558150070468315e-05,0.07177399666666666,2.2237662996716535e-05,0.001,0.1
50086.0,0.04332274666666667,1.1404903428885961e-05,0.07285892333333335,1.090185560148004e-05,0.001,0.1
50086.2,0.04425886999999999,1.984048302503413e-05,0.07397471333333334,1.9801325432627266e-05,0.001,0.1
50086.4,0.04524851999999999,2.4241650108851183e-05,0.07512952666666667,1.3707320023338512e-05,0.001,0.1
50086.6,0.04627173333333333,2.529222981251169e-05,0.07631109666666666,1.2364855662547073e-05,0.001,0.1
50086.8,0.04736275333333333,1.7186966638189378e-05,0.07753419666666668,8.28116269345989e-06,0.001,0.1
50087.0,0.04848341,2.8810465112524602e-05,0.07879928333333333,1.3873766211410743e-05,0.001,0.1
50087.2,0.049661123333333335,2.6947587193579175e-05,0.08011140333333333,1.8155118347788504e-05,0.001,0.1
50087.4,0.050879530000000006,2.7895807928791007e-05,0.08146982666666666,2.4166311721531195e-05,0.001,0.1
50087.6,0.05218033666666667,1.5421532205184853e-05,0.08286789999999998,2.1785821077019545e-05,0.001,0.1
50087.8,0.05354219999999999,2.444386766996292e-05,0.08431520666666667,3.886061359382863e-05,0.001,0.1
50088.0,0.05498568666666668,2.6164807577270626e-05,0.08580916999999999,4.3056653763772125e-05,0.001,0.1
50088.2,0.056490686666666665,2.212300060017942e-05,0.08735436999999999,3.8391953584052025e-05,0.001,0.1
50088.4,0.05807875999999999,1.7482002173664463e-05,0.08895551666666668,2.5429930965083984e-05,0.001,0.1
50088.6,0.05976001666666667,2.6778649248152517e-05,0.09062141,4.258076521936462e-05,0.001,0.1
50088.8,0.061530020000000005,2.213680796019749e-05,0.09234603999999999,4.326254423093268e-05,0.001,0.1
50089.0,0.06340418,4.4130861461490866e-05,0.09412978333333331,3.6156964136326424e-05,0.001,0.1
50089.2,0.06537952333333334,4.22717217008676e-05,0.09598729666666667,3.4217261563266185e-05,0.001,0.1
50089.4,0.06747827333333332,5.337962740804856e-05,0.09791510999999999,2.6828919098616335e-05,0.001,0.1
50089.6,0.06971216666666667,6.555604896236108e-05,0.09991363666666667,1.950650290430376e-05,0.001,0.1
50089.8,0.07209469333333335,6.165978339961997e-06,0.10201503333333335,1.4611601174712396e-05,0.001,0.2
50090.0,0.07463629333333331,6.234178873133383e-05,0.10416863333333334,4.069519491154887e-05,0.001,0.2
50090.2,0.07732008666666668,4.4343468014528566e-05,0.10640563333333332,7.127153865479745e-05,0.001,0.2
50090.4,0.08019278333333332,2.3108253696219634e-05,0.10873646666666666,8.90762719371567e-05,0.001,0.2
50090.6,0.08326590333333335,5.810196487402272e-05,0.11117393333333331,1.644370869224808e-05,0.001,0.2
50090.8,0.08657043999999998,2.0872671127576926e-05,0.1136601,9.605635498671251e-05,0.001,0.2
50091.0,0.09012675333333335,4.712307809225544e-05,0.11628280000000002,9.627751554750558e-05,0.001,0.2
50091.2,0.09394910666666667,5.907649241073361e-05,0.11898306666666668,9.2070600929698e-05,0.001,0.2
50091.4,0.09807456666666668,8.517988938450027e-05,0.12179006666666667,8.208001516135935e-05,0.001,0.2
50091.6,0.10255806666666667,0.00011556093149887883,0.1246912,6.142442510923452e-05,0.001,0.2
50091.8,0.10740016666666667,0.00012756203283980093,0.12768693333333334,4.823064954524043e-05,0.001,0.2
50092.0,0.1126581,0.00014744588837943188,0.13080213333333335,6.154333613172314e-05,0.001,0.2
50092.2,0.11838630000000001,0.000144897929591833,0.13399429999999998,9.118009651234322e-05,0.001,0.2
50092.4,0.1246321,0.00013982974170993246,0.13727223333333333,0.00011519192197757797,0.001,0.2
50092.6,0.13149836666666667,0.00013449150737334818,0.14059873333333336,0.00012542406290483435,0.001,0.2
50092.8,0.13902793333333335,0.00011090654724687142,0.14399873333333332,0.00018542077074109489,0.001,0.2
50093.0,0.14728106666666668,0.00010503235480344066,0.14737096666666666,0.00019921821926944754,0.001,0.2
50093.2,0.15639113333333335,0.0001031958440162319,0.15073933333333334,0.0002299413451778996,0.001,0.2
50093.4,0.16649303333333332,0.0001490873308575291,0.15402953333333336,0.0002544613570313219,0.001,0.2
50093.6,0.17762289999999997,0.000137852662892911,0.15717520000000001,0.00023327400198050284,0.001,0.2
50093.8,0.1900444333333333,0.00024121825294856066,0.16002593333333334,0.00023225416154625987,0.001,0.2
50094.0,0.20382866666666663,2.549291840666748e-05,0.16238706666666666,1.777813888522329e-05,0.001,0.5
50094.2,0.21924243333333332,0.00032669370806443415,0.16417816666666668,0.00018621816655621032,0.001,0.5
50094.4,0.23644816666666665,0.00037933319420032865,0.16507353333333336,0.0001689573384680945,0.001,0.5
50094.6,0.2555460666666667,0.0004347465110715563,0.1647226,0.00021016177895453184,0.001,0.5
50094.8,0.2768095,0.00044350075159650974,0.1626240333333333,0.0003903072706926613,0.001,0.5
50095.0,0.30021153333333334,0.0003951459420967801,0.15826619999999997,0.0005216835822603589,0.001,0.5
50095.2,0.32584749999999996,0.0003024559196533168,0.15085126666666665,0.0006735981459462467,0.001,0.5
50095.4,0.35356039999999994,0.0002814887327526034,0.13936849999999998,0.0007982218467736075,0.001,0.5
50095.6,0.38277459999999996,0.0004521551798516344,0.12281226666666667,0.0008193223595684967,0.001,0.5
50095.8,0.41264629999999997,0.0006912783882055088,0.09996287666666667,0.0007311478016029934,0.001,0.5
50096.0,0.4417802999999999,0.0005279194477695806,0.06967210666666666,0.000471001955362772,0.001,0.5
50096.2,0.4675321333333333,0.0012388205340385459,0.03110162333333334,0.0002801367852595504,0.001,0.5
50096.4,0.4874977,0.001146241311126649,-0.015457226666666667,0.0004556423626290934,0.001,0.5
50096.6,0.4983754,0.0009572870206996412,-0.06884813333333334,0.001087982817368405,0.001,0.5
50096.8,0.49756363333333337,0.0004041806925401311,-0.12638133333333332,0.0015444100347885446,0.001,0.5
50097.0,0.4833749333333333,0.0003581856067584071,-0.18400170000000002,0.0015821297070720863,0.001,0.5
50097.2,0.4563344333333333,0.0008976252626916292,-0.23712053333333336,0.0010556309561373977,0.001,0.5
50097.4,0.4188219666666666,0.0013873340016817225,-0.28171473333333336,0.000610685294475718,0.001,0.5
50097.6,0.3746243,0.0014931748758936448,-0.31542263333333337,0.00022318355425274858,0.001,0.5
50097.8,0.3275317333333333,0.0012774497754858662,-0.3377511333333334,0.0007003902594664997,0.001,0.5
50098.0,0.2813484333333333,0.0008048921121629985,-0.3494198333333334,0.0010340167659289752,0.001,0.5
50098.2,0.23807383333333335,0.00022082362242799734,-0.3524116666666667,0.0006824104988120331,0.001,0.5
50098.4,0.19942613333333334,0.0003510375795014322,-0.3491401333333333,0.0009832114297319494,0.001,0.5
50098.6,0.16562776666666668,0.0004947388323370462,-0.3412991666666667,0.000859334280449441,0.001,0.5
50098.8,0.13668096666666668,0.000623220639545542,-0.33047076666666675,0.0005252036864134018,0.001,0.5
50099.0,0.11209976666666666,0.0006051583089480701,-0.3179932,0.0002748108925546171,0.001,0.5
50099.2,0.0914433366666667,0.0006097769972065387,-0.3048013666666667,0.00023755469311765407,0.001,0.5
50099.4,0.07410528666666666,0.0005291540378965489,-0.29135613333333327,0.0002560918758744421,0.001,0.5
50099.6,0.059706843333333336,0.00014693603525192678,-0.27813923333333335,0.000293248777585783,0.001,0.5
50099.8,0.04750795333333333,0.0003421899051046878,-0.26533793333333333,0.0003515256210039658,0.001,0.5
50100.0,0.037319139999999994,0.00023687472300775375,-0.2531289666666667,0.0003544845538086115,0.001,0.5
50100.2,0.028776173333333332,0.00016433344949285937,-0.24156713333333332,0.00034678088503004717,0.001,0.5
50100.4,0.021573989999999998,0.0001444313316654895,-0.23069026666666667,0.0003144966277861987,0.001,0.5
50100.6,0.015508099999999999,0.00014489127187883576,-0.22047403333333332,0.00028941060604077527,0.001,0.5
50100.8,0.010371953333333333,0.00018607773775733858,-0.21093416666666667,0.00020747129654216786,0.001,0.5
50101.0,0.006037425,0.00019092037350249797,-0.2019703333333333,0.00017915027832025008,0.001,0.5
50101.2,0.0023854736666666667,0.00019846498672701835,-0.19359753333333335,8.007693522829045e-05,0.001,0.2
50101.4,-0.0007522620999999999,0.00019107753025292292,-0.18579196666666667,7.587818453870118e-05,0.001,0.2
50101.6,-0.0034144216666666667,0.00019632715862531315,-0.17848556666666665,7.630407736302154e-05,0.001,0.2
50101.8,-0.005698935666666666,0.00016673975913947126,-0.17163716666666667,7.986158164112394e-05,0.001,0.2
50102.0,-0.007647988666666667,0.0001423764382832435,-0.16523126666666665,8.999293799453975e-05,0.001,0.2
50102.2,-0.009294441333333332,0.00012437911525475467,-0.15920556666666666,0.0001086010077710554,0.001,0.2
50102.4,-0.010720116666666666,6.733136507024214e-05,-0.1535784666666667,0.00012160475136915882,0.001,0.2
50102.6,-0.01192354,4.6160066435538615e-05,-0.1482765666666667,0.00013141250151928294,0.001,0.2
50102.8,-0.0129245,3.2632662573971215e-05,-0.14329973333333335,0.00012504157530819477,0.001,0.2
50103.0,-0.013799343333333335,4.5830067883674505e-05,-0.13858566666666666,0.00010355910818894056,0.001,0.2
50103.2,-0.014549053333333332,5.1045703268955044e-05,-0.1341635333333333,9.858185544116175e-05,0.001,0.2
50103.4,-0.015186129999999999,7.369111728469503e-05,-0.1299753333333333,6.760982834535663e-05,0.001,0.2
50103.6,-0.015719976666666666,7.76761597202699e-05,-0.12602786666666668,6.37179897848461e-05,0.001,0.2
50103.8,-0.016158416666666668,9.198507155451324e-05,-0.1222817,3.849861469369132e-05,0.001,0.2
50104.0,-0.016537089999999997,7.983926915998157e-05,-0.11873790000000001,3.912232951482795e-05,0.001,0.2
50104.2,-0.016821396666666665,7.640329610400032e-05,-0.11537803333333334,4.8684346103809834e-05,0.001,0.2
50104.4,-0.01706123,7.133209726343416e-05,-0.11218386666666665,5.3246429196916375e-05,0.001,0.2
50104.6,-0.0172507,4.726981418763225e-05,-0.10914733333333332,5.7093685192750456e-05,0.001,0.2
50104.8,-0.017407600000000002,4.716528384309782e-05,-0.10626493333333333,7.126005582060417e-05,0.001,0.2
50105.0,-0.017528906666666667,3.477847929714872e-05,-0.10351339999999999,7.31608274055642e-05,0.001,0.2
50105.2,-0.017615876666666665,3.3431339422098405e-05,-0.10088953333333334,6.636099925575493e-05,0.001,0.2
50105.4,-0.01765301333333333,2.1933623098389866e-05,-0.09833523333333333,5.3050550316551025e-05,0.001,0.1
50105.6,-0.017680356666666668,3.9061487284650257e-05,-0.09594583666666665,5.3848574622629376e-05,0.001,0.1
50105.8,-0.017680986666666666,3.5888027096635936e-05,-0.09365334666666668,5.028821421455446e-05,0.001,0.1
50106.0,-0.017670423333333334,3.202894194665545e-05,-0.09148035666666667,4.283639950114963e-05,0.001,0.1
50106.2,-0.017639906666666663,4.0590228161741395e-05,-0.08938557333333333,3.722030747977592e-05,0.001,0.1
50106.4,-0.017597826666666667,4.518316008819569e-05,-0.08736772333333334,3.403436188455479e-05,0.001,0.1
50106.6,-0.017540106666666666,4.633393237022806e-05,-0.08543646666666668,3.668810282487754e-05,0.001,0.1
50106.8,-0.01747817,4.6733465168620184e-05,-0.08357883333333332,3.875856321153144e-05,0.001,0.1
50107.0,-0.01740417,3.812867818322602e-05,-0.08180347666666667,3.683540582404824e-05,0.001,0.1
50107.2,-0.017301803333333334,4.168943497924746e-05,-0.08009818666666665,4.1453345127049055e-05,0.001,0.1
50107.4,-0.017203643333333334,2.6938704291203115e-05,-0.07845723333333335,3.602070083839069e-05,0.001,0.1
50107.6,-0.017107383333333333,3.2719689111535904e-05,-0.07687031999999999,4.124105882895467e-05,0.001,0.1
50107.8,-0.017002996666666666,3.1123319053225754e-05,-0.07533756666666667,3.769386628558388e-05,0.001,0.1
50108.0,-0.016895669999999998,2.9669817997419698e-05,-0.07387324,4.1572912655558225e-05,0.001,0.1
50108.2,-0.016789349999999998,3.908184361055626e-05,-0.07245391,3.637777114301199e-05,0.001,0.1
50108.4,-0.016671623333333333,3.665824766982469e-05,-0.07108507,4.062491969222898e-05,0.001,0.1
50108.6,-0.01655322,3.630879048752052e-05,-0.06976111666666668,3.4299592644162225e-05,0.001,0.1
50108.8,-0.016425690000000003,3.9276467509183786e-05,-0.06848905,3.69601113815066e-05,0.001,0.1
50109.0,-0.01629905,2.8071584090202748e-05,-0.06724404666666665,3.020942163556874e-05,0.001,0.1
50109.2,-0.01617761333333333,2.3884677561613184e-05,-0.06604481999999999,2.2620748587673447e-05,0.001,0.1
50109.4,-0.016052756666666664,3.7759543458869746e-05,-0.06488976666666667,3.954000786826153e-05,0.001,0.1
50109.6,-0.015920376666666666,2.6464651686521288e-05,-0.06377585333333334,3.235175145524912e-05,0.001,0.1
50109.8,-0.01579779333333333,3.161995080465635e-05,-0.0626776,3.8531908854870683e-05,0.001,0.1
50110.0,-0.01566745333333333,3.142756468806029e-05,-0.06162501,3.710653446496966e-05,0.001,0.1
50110.2,-0.015532493333333333,2.3188573814608888e-05,-0.06060470666666666,3.288175718472968e-05,0.001,0.1
50110.4,-0.01539745333333333,1.8782948531994703e-05,-0.05962269666666667,2.910076154024473e-05,0.001,0.1
50110.6,-0.015260773333333333,1.9645541196131423e-05,-0.058655786666666675,2.5743345202640043e-05,0.001,0.1
50110.8,-0.015133343333333334,1.4891534134833013e-05,-0.05772704,2.1951440347578903e-05,0.001,0.1
50111.0,-0.015003766666666666,1.5846794277988792e-05,-0.05682066666666666,2.1186069846848296e-05,0.001,0.1
50111.2,-0.014874323333333331,1.4903482441660935e-05,-0.055943146666666665,1.7207803139531934e-05,0.001,0.1
50111.4,-0.014742833333333335,1.3993196759695984e-05,-0.05508955666666667,1.6200322699118272e-05,0.001,0.1
50111.6,-0.014616576666666667,1.556910794561556e-05,-0.05425654,1.5711558378043343e-05,0.001,0.1
50111.8,-0.014489303333333335,1.5297592039998504e-05,-0.053445169999999986,1.617700322474227e-05,0.001,0.1
50112.0,-0.01436394,1.1879354640159362e-05,-0.052664300000000004,1.5219329814416874e-05,0.001,0.1
50112.2,-0.014234869999999998,1.6143484753918732e-05,-0.05189359666666667,1.1125300994680732e-05,0.001,0.1
50112.4,-0.014112033333333333,1.2823450740299865e-05,-0.05114679666666667,1.1633041543618177e-05,0.001,0.1
50112.6,-0.013992883333333333,8.903073751364088e-06,-0.05042035666666667,1.1290340512531324e-05,0.001,0.1
50112.8,-0.01386941,8.156688462033216e-06,-0.04971083,1.0469165837512526e-05,0.001,0.05
50113.0,-0.01374906,7.023465431442461e-06,-0.04902126,9.787495423584055e-06,0.001,0.05
50113.2,-0.013631383333333332,7.143812396441593e-06,-0.04834840666666667,1.0220793619980273e-05,0.001,0.05
50113.4,-0.013504986666666666,6.810615896443524e-06,-0.04769291666666667,9.661162225919506e-06,0.001,0.05
50113.6,-0.013382826666666667,7.366904973520994e-06,-0.04705497333333333,4.908423598489652e-06,0.001,0.05
50113.8,-0.013265293333333336,7.158162396096247e-06,-0.046431059999999996,7.171870978575043e-06,0.001,0.05
50114.0,-0.013149746666666665,6.253944533030616e-06,-0.04581821666666666,4.072598133323809e-06,0.001,0.05
50114.2,-0.013041170000000001,6.9795964544281685e-06,-0.04522273666666667,3.893882666724539e-06,0.001,0.05
50114.4,-0.012924136666666666,6.907844976707603e-06,-0.04464093999999999,3.12587054541063e-06,0.001,0.05
50114.6,-0.012819473333333333,5.726600698106726e-06,-0.04407027333333333,3.6432525151144237e-06,0.001,0.05
50114.8,-0.012709156666666669,6.1046803538121025e-06,-0.043510759999999996,4.9318421169638115e-06,0.001,0.05
50115.0,-0.012597720000000001,3.9368684678731745e-06,-0.04296754,5.058629590445437e-06,0.001,0.05
50115.2,-0.012492626666666666,2.8373618419619784e-06,-0.04243765,5.335837953561959e-06,0.001,0.05
50115.4,-0.01238975666666667,3.560775508540391e-06,-0.041914266666666665,5.879644736055034e-06,0.001,0.05
50115.6,-0.01228758,3.4827575281664107e-06,-0.04140689666666666,5.5855458302871735e-06,0.001,0.05
50115.8,-0.012185719999999997,2.1043447119390385e-06,-0.04090623,5.013525040660799e-06,0.001,0.05
50116.0,-0.012083036666666666,4.19940339678033e-06,-0.04041997333333333,2.399574036273075e-06,0.001,0.05
50116.2,-0.01198696,3.836369811857834e-06,-0.03994181333333333,3.723862988289513e-06,0.001,0.05
50116.4,-0.011881436666666667,7.019946976690949e-06,-0.039476536666666666,3.271949809448631e-06,0.001,0.05
50116.6,-0.011779906666666668,5.3962909072396015e-06,-0.03902111666666667,2.7787387226728917e-06,0.001,0.05
50116.8,-0.011686903333333332,4.453798628387168e-06,-0.038573366666666664,3.9238869617882246e-06,0.001,0.05
50117.0,-0.011592520000000002,2.9188353841901868e-06,-0.03813313,2.552273496316041e-06,0.001,0.05
50117.2,-0.011495503333333332,2.9745008918396007e-06,-0.03770622333333333,4.519858650689748e-06,0.001,0.05
50117.4,-0.01140080333333333,3.189303302534256e-06,-0.03728206000000001,3.6249689653857058e-06,0.001,0.05
50117.6,-0.011313440000000001,2.806136133547435e-06,-0.036871013333333334,4.729322244136279e-06,0.001,0.05
50117.8,-0.011218466666666663,3.582674358011867e-06,-0.03646673999999999,4.2204739070388974e-06,0.001,0.05
50118.0,-0.011123256666666668,2.804601377894646e-06,-0.036072446666666674,3.7085247141624798e-06,0.001,0.05
50118.2,-0.011035683333333334,2.027656008520443e-06,-0.03567878666666667,3.556846293495884e-06,0.001,0.05
50118.4,-0.010946936666666669,3.3538518485798423e-06,-0.03529836666666666,2.819613842749204e-06,0.001,0.05
50118.6,-0.010861136666666665,3.948795878351997e-06,-0.034920253333333345,2.8067458421129555e-06,0.001,0.05
50118.8,-0.010775016666666666,3.144421868784285e-06,-0.034553860000000006,3.8203490241955744e-06,0.001,0.05
50119.0,-0.010689899999999999,2.468737869168437e-06,-0.03419184333333333,2.0629563468229868e-06,0.001,0.05
50119.2,-0.010606420000000002,2.423276019496616e-06,-0.033834319999999994,2.5206348406697797e-06,0.001,0.05
50119.4,-0.010520683333333334,5.100201521073389e-06,-0.033485853333333336,3.4117183679516543e-06,0.001,0.05
50119.6,-0.01043068,2.447093514082896e-06,-0.03314814666666667,3.475220216843439e-06,0.001,0.05
50119.8,-0.010349936666666667,1.736372335902769e-06,-0.032811883333333326,2.4709085148756467e-06,0.001,0.05
50120.0,-0.010273956666666665,1.7734492443324206e-06,-0.032482079999999997,1.7917217045806848e-06,0.001,0.05
50120.2,-0.010197323333333334,1.7553125710885955e-06,-0.032154363333333325,2.377321088022818e-06,0.001,0.05
50120.4,-0.01011451,1.4175918547545792e-06,-0.03183592666666666,6.821208755700563e-07,0.001,0.05
50120.6,-0.010036376666666666,1.479568255344375e-06,-0.03152255333333333,2.402739177596905e-06,0.001,0.05
50120.8,-0.009960423333333334,2.1664984550088535e-06,-0.03121554333333333,2.4550198007798946e-06,0.001,0.05
50121.0,-0.009880127333333332,1.6321252675236704e-06,-0.030913893333333338,2.0774877991358005e-06,0.001,0.05
50121.2,-0.009804275666666667,1.5325440359815887e-06,-0.030616329999999994,9.99383143076641e-07,0.001,0.05
50121.4,-0.009731096000000002,1.7562604210839896e-06,-0.03032469666666666,2.079340173121175e-06,0.001,0.05
50121.6,-0.009660462333333333,1.5636894050789438e-06,-0.03003695666666667,1.8234917664255453e-06,0.001,0.05
50121.8,-0.009585312333333335,1.3627611268632753e-06,-0.029755053333333333,1.17465834276246e-06,0.001,0.05
50122.0,-0.009515247666666669,1.7864204121339052e-06,-0.029476300000000004,4.905778905193801e-07,0.001,0.05
50122.2,-0.00944499566666667,1.2787563837138258e-06,-0.029201663333333336,1.2491285851433176e-06,0.001,0.05
50122.4,-0.009376969000000004,1.2439355556723794e-06,-0.02893130666666667,1.546163711326334e-06,0.001,0.05
50122.6,-0.009305693,1.213559914741241e-06,-0.0286657,1.4717336715590361e-06,0.001,0.05
50122.8,-0.009236140666666665,1.2545037088651318e-06,-0.02840312,1.6222207001510567e-06,0.001,0.05
50123.0,-0.009168112666666665,2.0385941779133757e-06,-0.028147533333333332,1.4987402117191983e-06,0.001,0.05
50123.2,-0.009102183666666664,8.125207005911049e-07,-0.027893643333333332,1.6034719274815847e-06,0.001,0.05
50123.4,-0.009037778333333331,1.593244244371496e-06,-0.027643490000000007,1.4175918547549822e-06,0.001,0.05
50123.6,-0.008973118000000002,1.611608720089039e-06,-0.027399326666666668,1.4662726743533426e-06,0.001,0.05
50123.8,-0.008909986000000002,1.935531968219566e-06,-0.027156333333333338,1.1208131968460158e-06,0.001,0.05
50124.0,-0.008846851333333334,2.9524280779647705e-06,-0.026918246666666666,1.4497662646868612e-06,0.001,0.05
50124.2,-0.008778698333333335,1.27845762107695e-06,-0.02668466,1.2603174203344714e-06,0.001,0.05
50124.4,-0.008716007999999999,1.8621876024357956e-06,-0.02645189666666667,1.038743899567114e-06,0.001,0.05
50124.6,-0.008656501,1.0720209886008004e-06,-0.02622404,1.0895258907738673e-06,0.001,0.05
50124.8,-0.008596352333333333,1.2970471164236785e-06,-0.026001986666666664,1.174658342762248e-06,0.001,0.05
50125.0,-0.008534680333333333,1.2625304836808003e-06,-0.02577815333333333,9.478865379822951e-07,0.001,0.05
50125.2,-0.008473964333333334,1.0672478104397483e-06,-0.02556233666666666,1.8669910432451782e-06,0.001,0.05
50125.4,-0.008416362666666666,1.6108981621717486e-06,-0.025345946666666667,1.6222891919204086e-06,0.001,0.05
50125.6,-0.008359014666666666,2.01755583703536e-06,-0.02513526,1.9436391983419565e-06,0.001,0.05
50125.8,-0.008300012666666667,1.610502889024378e-06,-0.024926853333333332,1.3727668734669392e-06,0.001,0.05
50126.0,-0.008244766333333334,1.883483445344961e-06,-0.024720476666666664,1.1695250698002862e-06,0.001,0.05
50126.2,-0.008190212333333334,1.4760390314020666e-06,-0.024516186666666665,1.067312304601847e-06,0.001,0.05
50126.4,-0.008134836666666668,9.190586971944298e-07,-0.024316646666666664,1.4497662646860428e-06,0.001,0.05
50126.6,-0.008079526666666665,1.1531733993154361e-06,-0.024118260000000006,1.2957880485125333e-06,0.001,0.05
50126.8,-0.008027708,7.63999999999626e-07,-0.023923303333333337,1.1487626193232176e-06,0.001,0.05
50127.0,-0.007973156666666667,3.2818656618184144e-06,-0.023729226666666665,1.4468202683436835e-06,0.001,0.05
50127.2,-0.007916002333333333,2.345070977366924e-06,-0.023544083333333334,8.614264655533157e-07,0.001,0.05
50127.4,-0.007862023,1.297112562579203e-06,-0.023355093333333337,9.729451280629088e-07,0.001,0.05
50127.6,-0.007811461999999999,1.6956579843824474e-06,-0.023169840000000004,1.052172355969138e-06,0.001,0.05
50127.8,-0.007761157333333335,1.6306623057995081e-06,-0.022987436666666666,1.148762619324327e-06,0.001,0.05
50128.0,-0.007710358333333332,1.1741297013343459e-06,-0.022807820000000003,1.4218298069734427e-06,0.001,0.05
50128.2,-0.00765816,1.4703060905811114e-06,-0.022632066666666666,1.021219314784299e-06,0.001,0.05
50128.4,-0.007606603333333334,3.4106043778518383e-07,-0.022456189999999997,1.4609015481317055e-06,0.001,0.05
50128.6,-0.007559298666666665,3.834383682187054e-06,-0.022284079999999998,1.3345161420273988e-06,0.001,0.05
50128.8,-0.007507479333333333,1.3861119082607053e-06,-0.022114976666666668,1.1695250698002612e-06,0.001,0.05
50129.0,-0.007461834666666667,9.528754144983969e-07,-0.021945403333333332,9.155993786703055e-07,0.001,0.05
50129.2,-0.007412624333333334,1.5029674721104669e-06,-0.021779086666666666,1.0673123046021488e-06,0.001,0.05
50129.4,-0.007363856999999999,9.423486615897445e-07,-0.02161572,9.045809342816774e-07,0.001,0.05
50129.6,-0.00731662,4.931598794170603e-07,-0.021454189999999998,1.3299999999997342e-06,0.001,0.05
50129.8,-0.007273068333333333,7.118149728374079e-07,-0.021292403333333335,9.813199727361191e-07,0.001,0.05
50130.0,-0.007224624000000001,1.273809509568275e-06,-0.021134006666666667,1.089627867158231e-06,0.001,0.05
50130.2,-0.007176240999999999,1.9437735636299768e-06,-0.02097882333333333,1.2590163709115443e-06,0.001,0.05
50130.4,-0.007131609999999999,1.734723475976807e-18,-0.02082433333333333,6.798692684785385e-07,0.001,0.05
50130.6,-0.007085320333333331,1.2000596744424618e-06,-0.020672886666666668,1.067312304601847e-06,0.001,0.05
50130.8,-0.007038403666666667,8.125207005909876e-07,-0.020520729999999994,8.706893820412085e-07,0.001,0.05
50131.0,-0.006996880333333334,9.204183227689621e-07,-0.02037193,9.99383143078092e-07,0.001,0.05
50131.2,-0.006951556,1.0577101052115308e-06,-0.020225806666666665,9.298506451151702e-07,0.001,0.05
50131.4,-0.006909908000000002,1.2707147594955954e-06,-0.02007899,8.979049689875819e-07,0.001,0.05
50131.6,-0.006868042666666667,1.4467986114943536e-06,-0.01993389666666667,1.0876529266675252e-06,0.001,0.02
50131.8,-0.006823251000000001,1.6581804284615366e-06,-0.019792063333333332,8.018658796143753e-07,0.001,0.02
50132.0,-0.006783580333333333,1.27786145136659e-06,-0.01965088666666667,8.184266749207601e-07,0.001,0.02
50132.2,-0.006743332666666667,1.0633717861385523e-06,-0.01951041,7.180297115484567e-07,0.001,0.02
50132.4,-0.0067014679999999995,7.561939786413023e-07,-0.019374633333333335,6.783968029278238e-07,0.001,0.02
50132.6,-0.006660490333333331,4.26344800471197e-07,-0.019237766666666663,6.057135369868167e-07,0.001,0.02
50132.8,-0.006620344,5.699801166122176e-07,-0.01910450666666666,8.500718923845771e-07,0.001,0.02
50133.0,-0.0065794616666666654,9.974570444663175e-07,-0.018971526666666665,6.500940102957624e-07,0.001,0.02
50133.2,-0.006537022666666667,2.5088296518939854e-06,-0.018841019999999993,1.2448293055677336e-06,0.001,0.02
50133.4,-0.006495188666666668,6.686989025131526e-07,-0.018712616666666668,8.710466245973757e-07,0.001,0.02
50133.6,-0.006458057333333334,5.46290114214973e-07,-0.01858464333333333,6.90257600867316e-07,0.001,0.02
50133.8,-0.006420168,6.039999999999795e-07,-0.018455963333333335,6.441963123840818e-07,0.001,0.02
50134.0,-0.006381602666666666,7.685351145018248e-07,-0.01833151,2.700000000004782e-07,0.001,0.02
50134.2,-0.006341486666666667,8.440115849651716e-07,-0.01820737,5.273518749376603e-07,0.001,0.02
50134.4,-0.0063017203333333325,8.645595538897877e-07,-0.01808687,4.124318125451662e-07,0.001,0.02
50134.6,-0.006264971,8.145278796128743e-07,-0.017963403333333332,8.04770498686979e-07,0.001,0.02
50134.8,-0.006227046666666667,1.1479672856353417e-06,-0.017843209999999998,8.166394553285802e-07,0.001,0.02
50135.0,-0.006191442333333334,9.5695936288971e-07,-0.017724636666666668,7.227186328180877e-07,0.001,0.02
50135.2,-0.006156314333333333,9.635790344105884e-07,-0.017606706666666666,8.237853010475248e-07,0.001,0.02
50135.4,-0.006120332000000001,8.397475811218156e-07,-0.01748981666666666,8.112062349088394e-07,0.001,0.02
50135.6,-0.0060845023333333335,9.055925622976674e-07,-0.01737477,7.53724087448877e-07,0.001,0.02
50135.8,-0.0060498853333333345,1.0983009099918698e-06,-0.017259626666666666,7.098982712721273e-07,0.001,0.02
50136.0,-0.00601695,9.321695124814658e-07,-0.017146613333333335,8.433003946142311e-07,0.001,0.02
50136.2,-0.005981762000000001,1.926493187115027e-06,-0.017034196666666664,1.0697299763131148e-06,0.001,0.02
50136.4,-0.005945936,1.6689929099110208e-06,-0.0169251,1.19275591244278e-06,0.001,0.02
50136.6,-0.005913064333333331,1.4958335097492684e-06,-0.0168162,8.124038404646932e-07,0.001,0.02
50136.8,-0.005880101666666667,1.4389442503291059e-06,-0.016706833333333334,8.137703743824592e-07,0.001,0.02
50137.0,-0.005847515666666666,1.386952734915248e-06,-0.01659962,6.128621378417432e-07,0.001,0.02
50137.2,-0.005813945333333333,1.1905621454682744e-06,-0.016494166666666667,5.563771702325989e-07,0.001,0.02
50137.4,-0.005781521333333333,1.1372297725418375e-06,-0.01639008,7.044619696384294e-07,0.001,0.02
50137.6,-0.005750018333333333,1.2360422952130268e-06,-0.016286409999999998,1.0533597043112868e-06,0.001,0.02
50137.8,-0.005716542000000001,9.658101952936542e-07,-0.016183253333333335,8.857137736813217e-07,0.001,0.02
50138.0,-0.0056846606666666665,8.051498135267556e-07,-0.016080523333333333,7.310646726218355e-07,0.001,0.02
50138.2,-0.005654076999999999,8.578933500150274e-07,-0.01598014333333333,5.914295299438522e-07,0.001,0.02
50138.4,-0.0056241016666666675,1.0116721581398684e-06,-0.01587996666666666,7.086763875163412e-07,0.001,0.02
50138.6,-0.005592823333333333,5.873291713812674e-07,-0.01578027,6.261788881774723e-07,0.001,0.02
50138.8,-0.005563355000000001,6.384551667893949e-07,-0.015682516666666663,7.624886155798221e-07,0.001,0.02
50139.0,-0.005532802666666666,6.864883263554861e-07,-0.015584606666666667,7.183004632847681e-07,0.001,0.02
50139.2,-0.005501808333333333,1.4241209764468172e-06,-0.015489939999999999,8.325062562330249e-07,0.001,0.02
50139.4,-0.0054697339999999995,1.8526244447630018e-06,-0.015394269999999998,8.09999999999644e-07,0.001,0.02
50139.6,-0.005438960333333333,7.290518195268905e-07,-0.015299693333333333,5.2721490452682e-07,0.001,0.02
50139.8,-0.005407808333333333,9.458931699133562e-07,-0.0152071,4.5825756949524735e-07,0.001,0.02
50140.0,-0.005376718666666666,8.447868896288662e-07,-0.015114423333333332,6.711598584211061e-07,0.001,0.02
50140.2,-0.005345405000000001,8.352793943745196e-07,-0.015022966666666667,4.7140452079068534e-07,0.001,0.02
50140.4,-0.005316476,6.103310577056565e-07,-0.014931369999999998,8.335266442451721e-07,0.001,0.02
50140.6,-0.005288154333333332,8.890582408118712e-07,-0.014841176666666664,4.917203360541124e-07,0.001,0.02
50140.8,-0.005259669666666667,1.2721962200159318e-06,-0.014754109999999999,8.592050589549832e-07,0.001,0.02
50141.0,-0.005229281666666667,1.0129267276342726e-06,-0.0146649,5.23450093132434e-07,0.001,0.02
50141.2,-0.0052016883333333335,1.1375092185218726e-06,-0.014577723333333334,8.277211017137601e-07,0.001,0.02
50141.4,-0.005173140666666665,7.998747124115853e-07,-0.014490733333333332,6.699917080745675e-07,0.001,0.02
50141.6,-0.005148280000000002,7.534586916349153e-07,-0.014404933333333333,5.676462121973539e-07,0.001,0.02
50141.8,-0.0051202746666666665,1.4872743152789439e-06,-0.014318676666666667,1.019046395193024e-06,0.001,0.02
50142.0,-0.005092745333333333,1.4644469566661548e-06,-0.014234696666666666,6.410841511754504e-07,0.001,0.02
50142.2,-0.005064518000000001,1.8047500288589031e-06,-0.014152106666666667,8.402116135563156e-07,0.001,0.02
50142.4,-0.005037176000000001,1.1313932413916854e-06,-0.014070036666666667,6.457467683925611e-07,0.001,0.02
50142.6,-0.005011683,6.681474388187174e-07,-0.013986906666666667,7.256874135756522e-07,0.001,0.02
50142.8,-0.004985649999999999,5.145224322937154e-07,-0.013905306666666667,8.144254962177653e-07,0.001,0.02
50143.0,-0.0049604386666666665,6.717774102251302e-07,-0.013823516666666669,6.011562932287479e-07,0.001,0.02
50143.2,-0.004935196666666667,8.98882021674069e-07,-0.013744813333333335,7.645187302403451e-07,0.001,0.02
50143.4,-0.004909163666666666,1.0627871638083122e-06,-0.013665326666666668,4.618321003229105e-07,0.001,0.02
50143.6,-0.004883225333333334,1.1968200458808985e-06,-0.01358570666666667,6.239301955258662e-07,0.001,0.02
50143.8,-0.004856775333333334,9.63139772941774e-07,-0.013507350000000001,7.740585679819065e-07,0.001,0.02
50144.0,-0.004829786333333333,7.974688430001559e-07,-0.01343224,6.770524351920836e-07,0.001,0.02
50144.2,-0.004804353666666666,9.8825261053145e-07,-0.01335481,7.194210635412909e-07,0.001,0.02
50144.4,-0.004779401333333335,1.2972785188832619e-06,-0.01327891,8.018104514163901e-07,0.001,0.02
50144.6,-0.004755462666666667,1.223255038366383e-06,-0.013203920000000001,8.101028741259069e-07,0.001,0.02
50144.8,-0.004731048333333335,1.077543760390156e-06,-0.013128993333333332,6.637938100208076e-07,0.001,0.02
50145.0,-0.004707460666666666,1.0261446724944195e-06,-0.013055743333333333,7.28781326752251e-07,0.001,0.02
50145.2,-0.0046837143333333334,1.0571114205967143e-06,-0.012981643333333334,6.988959547425477e-07,0.001,0.02
50145.4,-0.004658730333333333,1.1801369506214534e-06,-0.01290849,6.487680633327664e-07,0.001,0.02
50145.6,-0.0046349500000000005,8.513322892188795e-07,-0.012837326666666668,7.056596598611442e-07,0.001,0.02
50145.8,-0.004610601666666667,1.0078097814346437e-06,-0.012765883333333332,5.1774081890007e-07,0.001,0.02
50146.0,-0.004588570666666667,8.765764212107062e-07,-0.012694486666666668,6.489649879276903e-07,0.001,0.02
50146.2,-0.004565048000000001,5.318859526877593e-07,-0.012623259999999997,7.578918128598693e-07,0.001,0.02
50146.4,-0.004540789333333332,5.705724221246182e-07,-0.012554070000000002,6.928924880530691e-07,0.001,0.02
50146.6,-0.004518286333333332,5.458234350246487e-07,-0.01248506333333333,6.478082706751171e-07,0.001,0.02
50146.8,-0.0044947599999999996,1.3234047000067274e-06,-0.012416723333333332,8.735686705818688e-07,0.001,0.02
50147.0,-0.004470503666666666,9.04984284700885e-07,-0.012349863333333332,5.890576278165888e-07,0.001,0.02
50147.2,-0.004447490333333333,5.393359085227024e-07,-0.012282620000000001,7.166589146863928e-07,0.001,0.02
50147.4,-0.004423741333333333,6.788408420896413e-07,-0.012214833333333333,3.3993463423926926e-07,0.001,0.02
50147.6,-0.004402443333333334,6.458758050550039e-07,-0.012148456666666667,5.736917484346519e-07,0.001,0.02
50147.8,-0.004381305333333333,4.502942248007398e-07,-0.012081960000000001,7.241546796089236e-07,0.001,0.02
50148.0,-0.0043607686666666656,7.234350158944936e-07,-0.012016593333333332,6.732673234967794e-07,0.001,0.02
50148.2,-0.004339312666666666,4.21718178671692e-07,-0.011951286666666668,4.580635569681206e-07,0.001,0.02
50148.4,-0.004317757,6.409063894203617e-07,-0.011886593333333336,4.5748102571434725e-07,0.001,0.02
50148.6,-0.004296332333333333,6.523939675448094e-07,-0.01182234,6.019966777313372e-07,0.001,0.02
50148.8,-0.004275096666666667,6.488211532377871e-07,-0.011759736666666666,7.481013003304546e-07,0.001,0.02
50149.0,-0.004252876,5.892967560294793e-07,-0.011696726666666666,5.072365216430944e-07,0.001,0.02
50149.2,-0.004232692,7.353294046434774e-07,-0.011634893333333335,3.4730710073666494e-07,0.001,0.02
50149.4,-0.004211965666666666,8.41948863583102e-07,-0.011571856666666666,6.93149013961512e-07,0.001,0.02
50149.6,-0.0041928293333333335,7.696489820402281e-07,-0.011509906666666667,7.792874237972103e-07,0.001,0.02
50149.8,-0.004171464333333333,1.070223289266836e-06,-0.011448886666666665,6.651983831077842e-07,0.001,0.02
50150.0,-0.004150038333333333,1.1178523555858181e-06,-0.01138878,5.670978751504936e-07,0.001,0.02
50150.2,-0.004129186666666665,6.908851005935288e-07,-0.011328266666666666,6.699917080746136e-07,0.001,0.02
50150.4,-0.0041088086666666674,5.203699538681341e-07,-0.011269150000000002,5.737304826019092e-07,0.001,0.02
50150.6,-0.004089005666666665,9.730011419428782e-07,-0.01120905,4.4999999999992957e-07,0.001,0.02
50150.8,-0.0040707270000000005,9.756609725377326e-07,-0.011150876666666669,6.484254433287686e-07,0.001,0.02
50151.0,-0.004050474666666667,1.1397915988849693e-06,-0.011092603333333333,5.455781846400784e-07,0.001,0.02
50151.2,-0.0040305739999999994,9.947348055301659e-07,-0.011034746666666668,7.710310557229555e-07,0.001,0.02
50151.4,-0.004010865,1.28676791484202e-06,-0.010976979999999999,7.133956359084675e-07,0.001,0.02
50151.6,-0.0039911903333333335,7.966449787842865e-07,-0.010919826666666665,5.378558253744542e-07,0.001,0.02
50151.8,-0.003971954999999999,7.277991939173537e-07,-0.010863486666666668,3.6581719782189595e-07,0.001,0.02
50152.0,-0.0039526303333333335,7.995560573772993e-07,-0.0108074,6.904105059064254e-07,0.001,0.02
50152.2,-0.0039339046666666665,1.1928278258919245e-06,-0.01075085,5.766281297338307e-07,0.001,0.02
50152.4,-0.003914991666666666,1.0375358092885977e-06,-0.010695836666666667,6.279508119445208e-07,0.001,0.02
50152.6,-0.003896502999999999,9.767024453061355e-07,-0.010641196666666667,7.939283482919858e-07,0.001,0.02
50152.8,-0.003879086333333333,1.1761816280755925e-06,-0.01058703,6.061627944151107e-07,0.001,0.02
50153.0,-0.003857244666666667,9.089948050211842e-07,-0.010533733333333333,6.155395104204101e-07,0.001,0.02
50153.2,-0.0038376950000000003,8.976441388434384e-07,-0.010480603333333333,4.922623510103596e-07,0.001,0.02
50153.4,-0.003820178333333333,8.847677033486555e-07,-0.010427019999999999,4.4899888641280277e-07,0.001,0.02
50153.6,-0.003802153666666667,8.556264112073206e-07,-0.010374086666666667,5.731395021184552e-07,0.001,0.02
50153.8,-0.003783145,5.673549741271658e-07,-0.010321286666666669,6.85921926233868e-07,0.001,0.02
50154.0,-0.0037655963333333327,8.438225853553223e-07,-0.01026854,3.979949748425858e-07,0.001,0.02
50154.2,-0.0037486203333333334,7.046913429926946e-07,-0.01021624,6.003332407917818e-07,0.001,0.02
50154.4,-0.0037308536666666664,1.0702631555940693e-06,-0.010165299999999999,7.549834435274164e-07,0.001,0.02
50154.6,-0.003713051333333334,8.011439043989075e-07,-0.010113643333333333,8.785151614452858e-07,0.001,0.02
50154.8,-0.003695217333333334,7.851578751364907e-07,-0.010063643333333335,6.463659094425116e-07,0.001,0.02
50155.0,-0.0036786863333333336,7.58808202966239e-07,-0.010013149999999998,4.4999999999992957e-07,0.001,0.02
50155.2,-0.003647184999999999,2.994192990885304e-06,-0.009952968666666668,1.9149703798116165e-06,0.001,0.01
50155.4,-0.003629382333333333,8.995616833894081e-07,-0.009902442666666667,3.779676646956172e-07,0.001,0.01
50155.6,-0.0036145523333333336,8.132309361772403e-07,-0.009852724,4.025717327381847e-07,0.001,0.01
50155.8,-0.003598593333333333,8.233846137876737e-07,-0.009803084333333333,4.1938592674957926e-07,0.001,0.01
50156.0,-0.0035812526666666664,1.2230070409536457e-06,-0.009754795333333335,6.16677837736546e-07,0.001,0.01
50156.2,-0.0035641189999999997,8.415832301877928e-07,-0.009706557999999999,4.766717948442678e-07,0.001,0.01
50156.4,-0.0035475573333333334,7.968309454053264e-07,-0.009658237333333331,4.487830458273437e-07,0.001,0.01
50156.6,-0.0035307873333333332,6.115713822241157e-07,-0.009610761333333332,4.48595833933074e-07,0.001,0.01
50156.8,-0.003514417,6.9290764175326e-07,-0.009564094333333334,4.016854767378168e-07,0.001,0.01
50157.0,-0.003497011666666667,6.054534572440554e-07,-0.009516123999999997,3.609764535261767e-07,0.001,0.01
50157.2,-0.003482070333333333,5.011552210199534e-07,-0.009469379333333331,3.6063770678556935e-07,0.001,0.01
50157.4,-0.0034648730000000003,4.813533006015586e-07,-0.009423174666666667,3.2889444439753263e-07,0.001,0.01
50157.6,-0.003448610333333333,6.118904222888967e-07,-0.009377604000000003,2.048999755981153e-07,0.001,0.01
50157.8,-0.003431764,3.090372145874975e-07,-0.009330938,2.4579666393211233e-07,0.001,0.01
50158.0,-0.0034159959999999997,6.27405238528799e-07,-0.009285478333333331,2.445415211277824e-07,0.001,0.01
50158.2,-0.0034012466666666664,5.947174866176659e-07,-0.009239701666666666,3.86411553773043e-07,0.001,0.01
50158.4,-0.0033860999999999995,4.2023802778900526e-07,-0.009194974000000002,2.048999755975283e-07,0.001,0.01
50158.6,-0.0033712363333333337,3.1214829097010693e-07,-0.009150576333333332,1.4985511521302353e-07,0.001,0.01
50158.8,-0.003355470666666667,2.8421744414363353e-07,-0.009105804666666665,2.3795984721989626e-07,0.001,0.01
50159.0,-0.003339640333333333,1.162111536050662e-06,-0.009061633999999999,4.0202487485209105e-07,0.001,0.01
50159.2,-0.003323442333333333,9.198684084633499e-07,-0.00901848,2.771281292108769e-07,0.001,0.01
50159.4,-0.0033070873333333325,2.937678599772028e-07,-0.008975457999999999,2.3785709995740272e-07,0.001,0.01
50159.6,-0.003292498333333333,3.2702786153812824e-07,-0.008932394,2.6963679274183324e-07,0.001,0.01
50159.8,-0.003277191,3.8823832886505893e-07,-0.008889259666666666,1.2265081419300815e-07,0.001,0.01
50160.0,-0.0032623263333333326,2.329017437081111e-07,-0.008846883999999998,1.631686244351795e-07,0.001,0.01
50160.2,-0.003247719333333333,2.0945856126905056e-07,-0.008803964,1.631686244351795e-07,0.001,0.01
50160.4,-0.003233826,1.8799999999992434e-07,-0.008761689333333333,2.3447719623730654e-07,0.001,0.01
50160.6,-0.003219284333333333,3.739133886639843e-07,-0.008720139333333333,4.159561942745671e-07,0.001,0.01
50160.8,-0.0032057263333333335,3.858884409890789e-07,-0.00867826,2.400000000003094e-07,0.001,0.01
50161.0,-0.0031914899999999995,8.673617379884035e-19,-0.008636498666666666,1.1723859811908601e-07,0.001,0.01
50161.2,-0.0031773400000000003,2.2627416997978245e-07,-0.008595018,3.9060977970398207e-07,0.001,0.01
50161.4,-0.0031628800000000003,1.3010426069826053e-18,-0.008554264,2.3946607275297555e-07,0.001,0.01
50161.6,-0.0031489013333333335,7.500610345534947e-07,-0.008513860333333335,3.876122059768296e-07,0.001,0.01
50161.8,-0.003135903,2.908625104753836e-07,-0.008473283,3.134980063733074e-07,0.001,0.01
50162.0,-0.003121789333333333,3.0446601707834163e-07,-0.008433352,3.789670170343084e-07,0.001,0.01
50162.2,-0.0031061016666666663,9.614436483168862e-07,-0.008393743666666668,4.6092286652844336e-07,0.001,0.01
50162.4,-0.0030916359999999996,9.662387558638409e-07,-0.008354866333333332,3.9116478482706653e-07,0.001,0.01
50162.6,-0.0030775856666666666,9.347858340580982e-07,-0.008315685666666666,3.4203005066157616e-07,0.001,0.01
50162.8,-0.003064773666666667,8.256612837934772e-07,-0.008276204666666669,4.1276089392762184e-07,0.001,0.01
50163.0,-0.0030501686666666666,8.663399384126645e-07,-0.008237356,4.0603448129421085e-07,0.001,0.01
50163.2,-0.003036847333333334,8.169330177900225e-07,-0.008199335333333333,3.193507302153209e-07,0.001,0.01
50163.4,-0.003023068333333333,7.21974530175552e-07,-0.008160952666666665,3.3646132351613187e-07,0.001,0.01
50163.6,-0.0030092226666666674,8.592435950040893e-07,-0.008123044,2.6963679274199105e-07,0.001,0.01
50163.8,-0.0029958726666666664,7.558127340081435e-07,-0.008085357999999999,1.899894733928516e-07,0.001,0.01
50164.0,-0.002983268666666666,4.987566763685813e-07,-0.008047560333333334,3.047237364494248e-07,0.001,0.01
50164.2,-0.0029695496666666673,4.3774789802146287e-07,-0.008009810000000001,2.5799224794588624e-07,0.001,0.01
50164.4,-0.0029562789999999996,4.4162087812963835e-07,-0.007973602,2.75274408545719e-07,0.001,0.01
50164.6,-0.0029436726666666664,7.697312662365659e-07,-0.007935534,2.8366177042373115e-07,0.001,0.01
50164.8,-0.0029316416666666668,4.5918829350156116e-07,-0.007898963,2.840088026801844e-07,0.001,0.01
50165.0,-0.002918243333333333,5.01885334403109e-07,-0.007862054000000002,3.371409200917223e-07,0.001,0.01
50165.2,-0.0029045413333333324,1.428686420768715e-06,-0.007825974333333333,5.33402183056171e-07,0.001,0.01
50165.4,-0.0028907440000000006,2.199636333577664e-07,-0.007790328000000002,3.2039975031203294e-07,0.001,0.01
50165.6,-0.002878632333333333,6.321955569460085e-07,-0.007753895999999999,2.902137143555697e-07,0.001,0.01
50165.8,-0.002866712,3.5812846856955405e-07,-0.007717655999999999,1.5094369811300523e-07,0.001,0.01
50166.0,-0.0028537270000000003,6.322191075884592e-07,-0.007682718666666667,4.0369735638890786e-07,0.001,0.01
50166.2,-0.0028407859999999997,3.2159601987589753e-07,-0.007647147,3.017631521576533e-07,0.001,0.01
50166.4,-0.0028280409999999995,5.136428720424753e-07,-0.007612483666666668,2.687313817838985e-07,0.001,0.01
50166.6,-0.0028151170000000002,3.0469821135020116e-07,-0.007577242000000001,2.68208873828115e-07,0.001,0.01
50166.8,-0.0028025930000000004,2.908625104752525e-07,-0.007542783666666666,2.514025103739866e-07,0.001,0.01
50167.0,-0.00278991,2.794279871452755e-07,-0.007508356333333331,2.236736213522836e-07,0.001,0.01
50167.2,-0.0027786113333333334,2.930271128904394e-07,-0.007473819999999999,2.2627416997957802e-07,0.001,0.01
50167.4,-0.0027679099999999997,3.0298514815091805e-07,-0.007439089333333333,2.489569351423963e-07,0.001,0.01
50167.6,-0.0027561173333333334,3.776147360589705e-07,-0.007405198,2.030172406470872e-07,0.001,0.01
50167.8,-0.002744194333333333,8.43675819784066e-08,-0.007371773333333333,2.2156012477169573e-07,0.001,0.01
50168.0,-0.002733202,1.4400000000005553e-07,-0.007338094333333333,2.5948260485488247e-07,0.001,0.01
50168.2,-0.0027203540000000003,3.3903392160665614e-07,-0.007304971666666666,2.673584776204473e-07,0.001,0.01
50168.4,-0.002707781666666667,3.1408155345746125e-07,-0.007272238666666666,1.1723859811886965e-07,0.001,0.01
50168.6,-0.0026956270000000004,1.4100000000007335e-07,-0.007239097999999999,2.6820887382770443e-07,0.001,0.01
50168.8,-0.002683862333333333,6.475167093511803e-07,-0.007206181999999999,2.932848444774004e-07,0.001,0.01
50169.0,-0.002672162,1.8998947339254846e-07,-0.007173601333333331,1.1723859811886965e-07,0.001,0.01
50169.2,-0.002662039,3.337199424667577e-07,-0.007140732666666666,1.597692780925096e-07,0.001,0.01
50169.4,-0.0026512780000000004,2.2683915006007504e-07,-0.007108047999999999,2.3515101530706333e-07,0.001,0.01
50169.6,-0.0026401190000000007,4.2819271362320107e-07,-0.007076338000000001,1.4399999999992545e-07,0.001,0.01
50169.8,-0.002628260666666667,1.1009175970777884e-06,-0.007043997666666667,4.620222457364851e-07,0.001,0.01
50170.0,-0.002616675666666666,3.6561986938470645e-07,-0.0070124766666666664,3.6953424138450715e-07,0.001,0.01
50170.2,-0.002605658333333333,2.6735847762041057e-07,-0.006981640333333332,3.212525832150886e-07,0.001,0.01
50170.4,-0.0025950243333333328,2.0402096842132302e-07,-0.006949499333333334,2.8421744414373925e-07,0.001,0.01
50170.6,-0.002582736333333333,2.894648318689812e-07,-0.006918219999999999,2.400000000003094e-07,0.001,0.01
50170.8,-0.002571614666666666,3.3627105468980764e-07,-0.006887498333333335,3.864115537727008e-07,0.001,0.01
50171.0,-0.002560502333333333,3.0097268240742985e-07,-0.006856374,3.591991091301124e-07,0.001,0.01
50171.2,-0.002550061666666667,7.303473298522405e-07,-0.006826573,4.301174258271019e-07,0.001,0.01
50171.4,-0.0025389823333333335,7.635997351725862e-07,-0.006795722333333334,4.3564269253089995e-07,0.001,0.01
50171.6,-0.0025269986666666667,2.9216129487354886e-07,-0.006766063,3.162925860653448e-07,0.001,0.01
50171.8,-0.0025161699999999994,3.3999999999999616e-07,-0.00673591,3.2984845004924204e-07,0.001,0.01
50172.0,-0.0025062220000000007,2.2683915006014543e-07,-0.006706205666666666,2.0402096842147024e-07,0.001,0.01
50172.2,-0.0024961479999999997,2.0301724064727062e-07,-0.006676022,2.3785709995697293e-07,0.001,0.01
50172.4,-0.0024851939999999996,1.919999999999006e-07,-0.006646250999999999,3.1772472362112714e-07,0.001,0.01
50172.6,-0.002474132333333333,2.6112172555250457e-07,-0.0066164476666666664,2.264903726184572e-07,0.001,0.01
50172.8,-0.0024640079999999997,4.839999999999285e-07,-0.006587443,2.8600874112537325e-07,0.001,0.01
50173.0,-0.002451116333333333,3.076305504262953e-07,-0.006558478999999999,3.452375993429698e-07,0.001,0.01
50173.2,-0.0024406573333333333,2.8870900382366927e-07,-0.006529472,2.0301724064745403e-07,0.001,0.01
50173.4,-0.0024300263333333332,2.2367362135235162e-07,-0.006500318333333334,1.8906935823180625e-07,0.001,0.01
50173.6,-0.0024198970000000003,2.0209156340632587e-07,-0.006471932,2.3785709995740274e-07,0.001,0.01
50173.8,-0.002409822,2.1226398658282747e-07,-0.006443145999999999,1.920000000002475e-07,0.001,0.01
50174.0,-0.002400191333333334,2.9216129487354886e-07,-0.006414252666666666,2.8870900382399877e-07,0.001,0.01
50174.2,-0.0023895243333333332,4.766248233382327e-07,-0.00638631,1.2393546707857316e-07,0.001,0.01
50174.4,-0.0023799099999999994,3.2790242451068545e-07,-0.0063583676666666665,2.61121725552874e-07,0.001,0.01
50174.6,-0.0023698839999999988,8.616263691410744e-08,-0.006330024333333335,8.43675819785623e-08,0.001,0.01
50174.8,-0.0023599119999999996,1.197330363768123e-07,-0.006302117999999999,2.9545896500175715e-07,0.001,0.01
50175.0,-0.002350757333333334,1.5976927809250964e-07,-0.006274030333333334,2.6493374433817537e-07,0.001,0.01
50175.2,-0.0023413839999999997,1.8799999999992434e-07,-0.006246104,2.902137143553226e-07,0.001,0.01
50175.4,-0.0023322770000000002,1.4100000000007335e-07,-0.006218748333333334,3.1759600473268614e-07,0.001,0.01
50175.6,-0.0023223220000000004,2.0301724064727062e-07,-0.006191138999999999,2.7710828208505766e-07,0.001,0.01
50175.8,-0.0023122000000000004,4.800000000000116e-07,-0.006164212,2.0301724064745403e-07,0.001,0.01
50176.0,-0.0023027083333333337,5.570582455083799e-07,-0.0061380663333333325,3.589659531981265e-07,0.001,0.01
50176.2,-0.0022923626666666664,4.879407978660594e-07,-0.006110715666666667,8.436758197840661e-08,0.001,0.01
50176.4,-0.002282630666666667,1.7345380428869868e-07,-0.006084000000000001,1.734723475976807e-18,0.001,0.01
50176.6,-0.002273032666666667,4.202612943819108e-07,-0.0060575149999999986,3.1941352507353517e-07,0.001,0.01
50176.8,-0.0022630023333333332,2.467209399752046e-07,-0.0060310220000000005,1.4400000000018568e-07,0.001,0.01
50177.0,-0.0022530699999999994,2.7712812921100203e-07,-0.006004856,2.3130931671669563e-07,0.001,0.01
50177.2,-0.00224436,3.671511950137369e-07,-0.005978091666666667,1.8906935823180622e-07,0.001,0.01
50177.4,-0.0022347759999999995,4.516458789804417e-07,-0.005951910000000001,3.7180640123605544e-07,0.001,0.01
50177.6,-0.00222414,2.579922479456083e-07,-0.005926720000000001,2.794279871451968e-07,0.001,0.01
50177.8,-0.0022147003333333336,2.649337443378076e-07,-0.0059006499999999995,2.7011108825808327e-07,0.001,0.01
50178.0,-0.0022061960000000005,2.1996363335796517e-07,-0.005875028,2.682088738277045e-07,0.001,0.01
50178.2,-0.0021961859999999993,2.1996363335776648e-07,-0.0058496296666666675,2.69227083002713e-07,0.001,0.01
50178.4,-0.0021872533333333337,1.9362047641941627e-07,-0.005824375333333335,2.951805473866296e-07,0.001,0.01
50178.6,-0.002178873333333333,3.8167467240509336e-07,-0.005798546,2.3130931671711353e-07,0.001,0.01
50178.8,-0.002169573,2.2423425251286837e-07,-0.005773667333333333,3.110941265207121e-07,0.001,0.01
50179.0,-0.0021594186666666674,4.7113149851063735e-07,-0.005748716000000001,2.0489997559803856e-07,0.001,0.01
50179.2,-0.002150534000000001,1.509436981129164e-07,-0.0057243163333333315,2.5140251037362315e-07,0.001,0.01
50179.4,-0.002140821666666667,2.61241693116294e-07,-0.005699282999999999,2.8400880268035487e-07,0.001,0.01
50179.6,-0.002131652333333333,2.2649037261866623e-07,-0.00567527,1.7888543819989054e-07,0.001,0.01
50179.8,-0.00212345,3.298484500494173e-07,-0.005650134,1.6316862443488462e-07,0.001,0.01
50180.0,-0.0021143419999999995,1.1973303637681232e-07,-0.005625958,2.3785709995740277e-07,0.001,0.01
50180.2,-0.002104964,4.1893197538501647e-07,-0.005601517666666667,2.467209399750437e-07,0.001,0.01
50180.4,-0.002096126,2.967557918558149e-07,-0.005577719333333332,3.2386142441214095e-07,0.001,0.01
50180.6,-0.0020866506666666665,1.7345380428869868e-07,-0.005553718666666666,1.1723859811886963e-07,0.001,0.01
50180.8,-0.0020785493333333334,1.7345380428869868e-07,-0.005529638000000001,2.3785709995697293e-07,0.001,0.01
50181.0,-0.002069202,2.9328484447709765e-07,-0.005505414,2.902137143557163e-07,0.001,0.01
50181.2,-0.0020607179999999996,2.3515101530727583e-07,-0.00548175,1.734723475976807e-18,0.001,0.01
50181.4,-0.0020523693333333332,2.842174441436812e-07,-0.005457971666666667,2.660461530552408e-07,0.001,0.01
50181.6,-0.0020441709999999996,2.5645467435783374e-07,-0.005434540666666667,1.7345380428861876e-07,0.001,0.01
50181.8,-0.00203619,3.0567957079269673e-07,-0.005410939666666666,2.692270830027131e-07,0.001,0.01
50182.0,-0.002026701,7.686843738925735e-07,-0.005387874,1.6316862443488462e-07,0.001,0.01
50182.2,-0.002017339333333333,5.954938193540299e-07,-0.005364921999999999,3.004263636901439e-07,0.001,0.01
50182.4,-0.0020091843333333334,4.2139200540855095e-07,-0.005341959999999999,1.7888543819989057e-07,0.001,0.01
50182.6,-0.0020016496666666666,5.484613832248226e-07,-0.005318351000000001,3.5599016840354606e-07,0.001,0.01
50182.8,-0.001994177666666667,4.4135913821837724e-07,-0.005295654666666666,2.0784182019552143e-07,0.001,0.01
50183.0,-0.001985308333333333,3.6186630434762193e-07,-0.005272851999999999,1.4399999999992548e-07,0.001,0.01
50183.2,-0.001976123666666667,2.246105271105136e-07,-0.005250512000000001,1.1973303637670414e-07,0.001,0.01
50183.4,-0.0019676686666666664,3.4023260017559864e-07,-0.005227976,1.8799999999992434e-07,0.001,0.01
50183.6,-0.0019590696666666662,3.826964274141269e-07,-0.005205868,2.954589650017572e-07,0.001,0.01
50183.8,-0.001950686,4.4224879875469896e-07,-0.005183682,1.4399999999992548e-07,0.001,0.01
50184.0,-0.0019426720000000003,1.197330363767582e-07,-0.0051612713333333326,2.252958548713966e-07,0.001,0.01
50184.2,-0.0019337240000000002,2.524757414089353e-07,-0.005139347999999999,1.1973303637670414e-07,0.001,0.01
50184.4,-0.001925903,1.4100000000000832e-07,-0.0051172579999999995,2.3515101530706338e-07,0.001,0.01
50184.6,-0.0019173213333333332,3.3400332666339615e-07,-0.005095302,2.682088738277045e-07,0.001,0.01
50184.8,-0.0019099320000000003,3.183959798740973e-07,-0.005073704333333333,2.976203771399326e-07,0.001,0.01
50185.0,-0.0019019986666666665,3.842024929064654e-07,-0.005051753333333334,3.1794478905782663e-07,0.001,0.01
50185.2,-0.0018931913333333332,6.298345461750508e-07,-0.0050303096666666665,4.073367430299342e-07,0.001,0.01
50185.4,-0.0018851803333333333,3.212525832148457e-07,-0.005008745666666666,8.436758197840663e-08,0.001,0.01
50185.6,-0.0018777826666666667,3.0560250144410615e-07,-0.004987318,1.5676734353803336e-07,0.001,0.005
50185.8,-0.0018696630000000001,1.9539959058300445e-07,-0.004965690333333332,1.60259858424461e-07,0.001,0.005
50186.0,-0.0018617313333333333,2.6499979035629963e-07,-0.004944542999999999,2.4108297326846743e-07,0.001,0.005
50186.2,-0.001853902,2.092271492899617e-07,-0.004923333333333333,2.365774479718636e-07,0.001,0.005
50186.4,-0.001846074333333333,5.199979700814991e-07,-0.004902614333333334,2.8269752190078245e-07,0.001,0.005
50186.6,-0.001838945666666667,3.706182522338767e-07,-0.0048812740000000005,2.025438224187702e-07,0.001,0.005
50186.8,-0.0018316916666666664,2.728379657517656e-07,-0.004860438,1.8048822676285e-07,0.001,0.005
50187.0,-0.0018243299999999999,3.1616451413783615e-07,-0.004839578,1.7232527382813973e-07,0.001,0.005
50187.2,-0.0018166476666666668,3.3731966375466596e-07,-0.004819245333333333,1.9324825714313268e-07,0.001,0.005
50187.4,-0.0018094053333333334,3.576565702209691e-07,-0.004798187666666667,2.5807858406994855e-07,0.001,0.005
50187.6,-0.0018021026666666668,3.4462475567233554e-07,-0.004778113999999999,2.112439348243774e-07,0.001,0.005
50187.8,-0.0017940609999999998,3.222561093292132e-07,-0.004757417,2.195017084216495e-07,0.001,0.005
50188.0,-0.0017854700000000002,3.1591137997862333e-07,-0.004737969333333334,1.7808113007525632e-07,0.001,0.005
50188.2,-0.00177798,2.636664559628295e-07,-0.004717548000000001,1.874459922216571e-07,0.001,0.005
50188.4,-0.0017707646666666665,3.109312178315929e-07,-0.004697222333333333,1.8249535762741485e-07,0.001,0.005
50188.6,-0.001762779,2.405181905802661e-07,-0.004677412666666668,1.760101007201305e-07,0.001,0.005
50188.8,-0.001755736333333333,2.6179487305053453e-07,-0.004657849,1.3648809471876478e-07,0.001,0.005
50189.0,-0.0017484579999999998,2.122639865827294e-07,-0.004637622,2.122639865828885e-07,0.001,0.005
50189.2,-0.0017411160000000002,1.9530488985171684e-07,-0.004617648,1.9742340286793805e-07,0.001,0.005
50189.4,-0.0017333180000000002,2.35830447567729e-07,-0.004598258,2.0063897926363409e-07,0.001,0.005
50189.6,-0.0017262233333333334,2.6861786157206287e-07,-0.004578771999999999,1.9082976706988924e-07,0.001,0.005
50189.8,-0.0017194570000000002,2.847472563520688e-07,-0.004558974,2.1105449533231e-07,0.001,0.005
50190.0,-0.0017128626666666664,3.3890936185880863e-07,-0.004539511999999999,1.8048822676308832e-07,0.001,0.005
50190.2,-0.0017055273333333332,1.4382705664171166e-07,-0.004519906000000001,1.3763720427277211e-07,0.001,0.005
50190.4,-0.001698668,1.6569852141769213e-07,-0.004500873,2.5475674672132245e-07,0.001,0.005
50190.6,-0.0016916533333333336,2.031638638034933e-07,-0.004481796,1.993589727102908e-07,0.001,0.005
50190.8,-0.0016849019999999998,2.872211691362511e-07,-0.004462183,1.783283488400571e-07,0.001,0.005
50191.0,-0.0016775933333333332,5.617848540341591e-07,-0.004443597333333333,3.143133609774222e-07,0.001,0.005
50191.2,-0.0016701446666666665,5.003580939909013e-07,-0.00442508,2.62906827602502e-07,0.001,0.005
50191.4,-0.0016631766666666662,2.4477654208589645e-07,-0.00440648,2.146625258401919e-07,0.001,0.005
50191.6,-0.001656164,1.6019987515606806e-07,-0.004387338,2.490301186602995e-07,0.001,0.005
50191.8,-0.0016489900000000001,1.678094157072201e-07,-0.004368627999999999,2.0865282169193864e-07,0.001,0.005
50192.0,-0.0016422626666666666,1.334899080663308e-07,-0.00435013,1.973828766635448e-07,0.001,0.005
50192.2,-0.00163524,2.086144769665652e-07,-0.0043316200000000004,1.5178932768809505e-07,0.001,0.005
50192.4,-0.0016289519999999997,1.7690675509993998e-07,-0.004312932666666667,2.2640573216134514e-07,0.001,0.005
50192.6,-0.001621722,3.5317984087428935e-07,-0.004294412666666666,1.825181878304102e-07,0.001,0.005
50192.8,-0.0016148643333333333,2.6860979546957195e-07,-0.004276261333333334,1.6696772808607926e-07,0.001,0.005
50193.0,-0.0016083159999999998,1.6316862443493848e-07,-0.0042578699999999995,1.6780941570723383e-07,0.001,0.005
50193.2,-0.0016017813333333334,2.563556557250624e-07,-0.00424002,2.155922076514613e-07,0.001,0.005
50193.4,-0.001595005,2.777498874887051e-07,-0.004222089333333333,1.6635170239237733e-07,0.001,0.005
50193.6,-0.0015883503333333335,2.311779016736256e-07,-0.004203946333333334,1.681166922770548e-07,0.001,0.005
50193.8,-0.0015818016666666668,1.5639870701368773e-07,-0.004185823333333333,1.9885226230097056e-07,0.001,0.005
50194.0,-0.0015752479999999998,1.6951696080334241e-07,-0.004168004,1.9283153269104115e-07,0.001,0.005
50194.2,-0.0015681819999999998,1.7769637024991127e-07,-0.004150188333333334,2.268344966904875e-07,0.001,0.005
50194.4,-0.001561594,2.0254382241872172e-07,-0.004132788,1.577846633866422e-07,0.001,0.005
50194.6,-0.0015549563333333335,2.198102717244406e-07,-0.004114982666666667,1.7601010072013046e-07,0.001,0.005
50194.8,-0.0015487640000000002,2.2446380554556937e-07,-0.004097585999999999,1.920000000001463e-07,0.001,0.005
50195.0,-0.0015423000000000001,1.8676188047885155e-07,-0.004079681999999999,1.4062716665007298e-07,0.001,0.005
50195.2,-0.0015365946666666668,1.6592635581954177e-07,-0.004062608,1.8744599222191625e-07,0.001,0.005
50195.4,-0.0015301,1.678094157071925e-07,-0.004045144,1.6019987515608865e-07,0.001,0.005
50195.6,-0.0015233823333333331,3.565640039163853e-07,-0.004027934,1.7453939383401743e-07,0.001,0.005
50195.8,-0.001516453,3.5208095659947533e-07,-0.004010956333333334,2.0701824932971608e-07,0.001,0.005
50196.0,-0.0015096966666666666,1.8578362563895913e-07,-0.003993795666666666,2.2180597126511625e-07,0.001,0.005
50196.2,-0.001503565,1.6542369842315723e-07,-0.003976610333333333,1.629822757915186e-07,0.001,0.005
50196.4,-0.0014978463333333335,2.805765888704953e-07,-0.003959782,1.877658115844441e-07,0.001,0.005
50196.6,-0.0014918063333333332,2.1292382571135432e-07,-0.0039424,1.9349418595903813e-07,0.001,0.005
50196.8,-0.0014851756666666664,1.1774784735001321e-07,-0.003925958,1.6079800993795168e-07,0.001,0.005
50197.0,-0.001479228,2.2885803459782555e-07,-0.003909004,1.9283153269103276e-07,0.001,0.005
50197.2,-0.001472688,2.6095210288479354e-07,-0.0038925586666666663,2.00827178328871e-07,0.001,0.005
50197.4,-0.0014662960000000002,1.0613199329137886e-07,-0.0038760276666666665,1.7263995932449533e-07,0.001,0.005
50197.6,-0.0014601043333333336,1.550845647452275e-07,-0.003859290333333333,1.7777295132337248e-07,0.001,0.005
50197.8,-0.0014540330000000002,1.5530936868069417e-07,-0.0038426099999999998,8.763560920086038e-08,0.001,0.005
50198.0,-0.0014482239999999997,2.3130931671686556e-07,-0.0038261193333333325,1.6331836666118988e-07,0.001,0.005
50198.2,-0.001442016,1.1892854997856815e-07,-0.0038097923333333334,1.8632737020862505e-07,0.001,0.005
50198.4,-0.0014363119999999997,1.4062716664993484e-07,-0.0037934499999999994,1.397139935725115e-07,0.001,0.005
50198.6,-0.0014296986666666668,3.1622495509084946e-07,-0.0037771039999999994,1.953048898517731e-07,0.001,0.005
50198.8,-0.0014231833333333333,4.1053894117639423e-07,-0.00376107,1.8590320061785972e-07,0.001,0.005
50199.0,-0.0014174599999999997,2.5604687070925043e-07,-0.003745163666666667,1.8468862685306532e-07,0.001,0.005
50199.2,-0.0014113840000000003,2.5231726060654784e-07,-0.0037291119999999997,2.872211691362589e-07,0.001,0.005
50199.4,-0.0014052856666666666,2.5181584982329937e-07,-0.003713054,1.4664242223870026e-07,0.001,0.005
50199.6,-0.001399538333333333,1.918520842268812e-07,-0.003696946,1.8521339044470756e-07,0.001,0.005
50199.8,-0.001393848333333333,2.5025431509208174e-07,-0.0036808080000000003,1.6951696080336084e-07,0.001,0.005
50200.0,-0.001388216,1.477294825009138e-07,-0.0036649649999999996,1.8725650856511448e-07,0.001,0.005
50200.2,-0.0013824719999999998,2.2964320151055943e-07,-0.003649066,1.4772948250104615e-07,0.001,0.005
50200.4,-0.0013762956666666668,2.742223347739442e-07,-0.003633543333333333,1.910555474782529e-07,0.001,0.005
50200.6,-0.0013705503333333335,2.2663455654914098e-07,-0.003617924,2.0175232340671867e-07,0.001,0.005
50200.8,-0.0013650153333333332,1.7223498160621634e-07,-0.00360208,2.325510696599124e-07,0.001,0.005
50201.0,-0.001359078,2.1894291493445668e-07,-0.0035866793333333338,2.077969093984235e-07,0.001,0.005
50201.2,-0.0013531579999999997,1.3481839637077167e-07,-0.0035713293333333334,1.952935112991317e-07,0.001,0.005
50201.4,-0.001346724666666667,2.1691370531972028e-07,-0.0035561003333333336,2.3019532768694287e-07,0.001,0.005
50201.6,-0.001341286333333333,2.464749254769816e-07,-0.0035413486666666665,1.7820836743048e-07,0.001,0.005
50201.8,-0.0013345643333333335,4.3701017023508325e-07,-0.003525902,2.1894291493452034e-07,0.001,0.005
50202.0,-0.001328823,1.586221926465289e-07,-0.0035106659999999995,1.7453939383427054e-07,0.001,0.005
50202.2,-0.001323358,1.7232527382832428e-07,-0.003495525666666667,1.7048329993153796e-07,0.001,0.005
50202.4,-0.0013173419999999998,2.1599999999997652e-07,-0.0034805539999999994,1.3410443691385224e-07,0.001,0.005
50202.6,-0.0013117816666666667,7.439011284360321e-08,-0.00346543,2.0552372125872132e-07,0.001,0.005
50202.8,-0.0013063960000000002,1.8172506706558722e-07,-0.003450554,1.4664242223851094e-07,0.001,0.005
50203.0,-0.001300932,1.3481839637077167e-07,-0.0034353660000000005,2.264155471692857e-07,0.001,0.005
50203.2,-0.001295296,3.7312732411338763e-07,-0.0034207320000000005,1.7904189453868768e-07,0.001,0.005
50203.4,-0.0012894393333333332,2.5085099605588343e-07,-0.003405688333333333,1.8843360162718966e-07,0.001,0.005
50203.6,-0.001284018,1.6079800993798045e-07,-0.00339108,2.0630075133167257e-07,0.001,0.005
50203.8,-0.0012785776666666667,1.254241692108473e-07,-0.003376252,2.0999047597458604e-07,0.001,0.005
50204.0,-0.00127312,1.0881176406984582e-07,-0.0033617119999999993,1.9082976707009528e-07,0.001,0.005
50204.2,-0.0012672243333333333,2.499024254028934e-07,-0.003347011333333333,1.6528225017284352e-07,0.001,0.005
50204.4,-0.0012618959999999998,1.6316862443493848e-07,-0.003332318,1.874459922218496e-07,0.001,0.005
50204.6,-0.0012567500000000003,1.867618804788392e-07,-0.0033177939999999993,1.0150862032354361e-07,0.001,0.005
50204.8,-0.0012513933333333333,5.325556830562821e-07,-0.003303492666666666,2.85387845260175e-07,0.001,0.005
50205.0,-0.001245476,2.7185290140075996e-07,-0.00328912,2.0317480158727882e-07,0.001,0.005
50205.2,-0.001240092,1.9742340286803032e-07,-0.003274794666666666,1.8136029211376918e-07,0.001,0.005
50205.4,-0.0012347236666666664,2.109736687098495e-07,-0.003260462,2.1600000000007608e-07,0.001,0.005
50205.6,-0.001229371,2.1579851714040125e-07,-0.003246296333333333,1.4227867803083806e-07,0.001,0.005
50205.8,-0.001224651,1.7885468962263262e-07,-0.0032320120000000003,1.3120975573478587e-07,0.001,0.005
50206.0,-0.001219728,2.2964320151048643e-07,-0.003217718333333333,1.8998391744790727e-07,0.001,0.005
50206.2,-0.001214438,1.974234028680593e-07,-0.003203561666666667,1.4436258364129635e-07,0.001,0.005
50206.4,-0.0012089820000000002,1.998399359487373e-07,-0.0031896359999999996,1.7176728442858218e-07,0.001,0.005
50206.6,-0.001203519,2.3097402451356957e-07,-0.003175582,1.5367498169848038e-07,0.001,0.005
50206.8,-0.00119818,1.9349418595915915e-07,-0.0031618486666666664,2.0561668760628677e-07,0.001,0.005
50207.0,-0.0011932509999999998,1.8441529220755222e-07,-0.0031479756666666667,1.8916806166884488e-07,0.001,0.005
50207.2,-0.0011880660000000002,1.9530488985173936e-07,-0.0031341569999999994,1.7029679973516638e-07,0.001,0.005
50207.4,-0.0011831040000000001,2.0489997559791556e-07,-0.003120479666666667,1.960354276371062e-07,0.001,0.005
50207.6,-0.0011779313333333333,1.5568629426585727e-07,-0.0031063939999999997,1.433317829374078e-07,0.001,0.005
50207.8,-0.0011728859999999997,2.5247574140894084e-07,-0.003092804,1.6800000000006172e-07,0.001,0.005
50208.0,-0.0011676446666666665,4.0862153094955565e-07,-0.0030794940000000003,2.1406541056418732e-07,0.001,0.005
50208.2,-0.0011622199999999998,1.6780941570723727e-07,-0.003065712,1.7232527382821488e-07,0.001,0.005
50208.4,-0.0011572499999999999,1.39713993572586e-07,-0.0030523380000000004,2.0063897926384447e-07,0.001,0.005
50208.6,-0.0011520780000000002,1.8903967837469146e-07,-0.0030388439999999997,1.9283153269118684e-07,0.001,0.005
50208.8,-0.0011469279999999997,2.0301724064723645e-07,-0.00302547,1.6780941570731654e-07,0.001,0.005
50209.0,-0.001142086,1.6019987515597676e-07,-0.003012,1.9677398202004416e-07,0.001,0.005
50209.2,-0.0011371126666666666,2.145216901750543e-07,-0.0029987009999999995,1.5469001260580062e-07,0.001,0.005
50209.4,-0.0011317799999999998,1.6395121225533216e-07,-0.0029854183333333324,1.2516877494889626e-07,0.001,0.005
50209.6,-0.001126646666666667,1.6791532257524743e-07,-0.0029723639999999995,1.3763720427275192e-07,0.001,0.005
50209.8,-0.001122171666666667,1.8332272696588167e-07,-0.002959085,2.0046196646740334e-07,0.001,0.005
50210.0,-0.0011174393333333334,1.237452580460472e-07,-0.0029459216666666665,2.4799305545835187e-07,0.001,0.005
50210.2,-0.001112006,1.7453939383414732e-07,-0.002932896333333333,2.101504751891696e-07,0.001,0.005
50210.4,-0.0011070526666666668,1.5233588619299874e-07,-0.002919794,1.82603395368208e-07,0.001,0.005
50210.6,-0.0011023499999999998,1.2946041866151667e-07,-0.0029067886666666663,1.7541823039679645e-07,0.001,0.005
50210.8,-0.001097418,3.321686318724017e-07,-0.0028940119999999996,2.069202745021267e-07,0.001,0.005
50211.0,-0.0010921546666666667,5.313111664133759e-07,-0.0028810833333333336,2.277035109278811e-07,0.001,0.005
50211.2,-0.001086816,2.199636333579399e-07,-0.002868494,2.0489997559777445e-07,0.001,0.005
50211.4,-0.001082294,2.454057864028335e-07,-0.002855270333333333,1.8748303626974078e-07,0.001,0.005
50211.6,-0.001077604,1.6019987515600313e-07,-0.002842704,1.1341957503007116e-07,0.001,0.005
50211.8,-0.0010725790000000002,2.04960971894659e-07,-0.002829994666666667,1.8647132636295134e-07,0.001,0.005
50212.0,-0.001067780666666667,1.782682124091573e-07,-0.0028173616666666667,2.0839199174209115e-07,0.001,0.005
50212.2,-0.0010628319999999999,2.1821090715184357e-07,-0.0028047059999999993,1.7453939383420693e-07,0.001,0.005
50212.4,-0.0010584130000000002,2.295234192844559e-07,-0.0027920553333333335,2.218067226714618e-07,0.001,0.005
50212.6,-0.001053796,1.679999999999884e-07,-0.0027794440000000003,2.454057864028566e-07,0.001,0.005
50212.8,-0.0010490179999999999,1.933287355774944e-07,-0.0027669479999999995,1.577846633866297e-07,0.001,0.005
50213.0,-0.0010443919999999999,2.0301724064716072e-07,-0.0027543299999999997,1.2946041866145746e-07,0.001,0.005
50213.2,-0.001040006,2.3130931671678308e-07,-0.0027421333333333335,2.0355725375323182e-07,0.001,0.005
50213.4,-0.0010355800000000001,2.1241468875762832e-07,-0.0027294140000000003,2.3946607275358505e-07,0.001,0.005
50213.6,-0.001031154,1.2289833196591503e-07,-0.002717046333333333,1.2155885634356743e-07,0.001,0.005
50213.8,-0.001026774,2.0857612519167443e-07,-0.0027046286666666665,2.14813614300548e-07,0.001,0.005
50214.0,-0.0010218139999999998,2.1181123671796604e-07,-0.002692484666666667,1.8679281451809444e-07,0.001,0.005
50214.2,-0.001017148,2.1821090715178473e-07,-0.002680559,1.1352973178870794e-07,0.001,0.005
50214.4,-0.0010124583333333335,2.2021328045529003e-07,-0.002668538666666667,1.420735333863243e-07,0.001,0.005
50214.6,-0.0010080080000000001,1.9332873557750102e-07,-0.0026562700000000005,1.450517149158363e-07,0.001,0.005
50214.8,-0.001003542,1.607980099379761e-07,-0.0026440799999999996,1.6395121225531101e-07,0.001,0.005
50215.0,-0.0009993706666666666,1.4407783390311228e-07,-0.002631808,1.7232527382830347e-07,0.001,0.005
50215.2,-0.0009947294333333332,2.2278071181222148e-07,-0.002619784,2.427838544877706e-07,0.001,0.005
50215.4,-0.0009898657,2.191638884487417e-07,-0.0026076719999999997,2.4903011866043186e-07,0.001,0.005
50215.6,-0.0009850257666666666,4.384302060254427e-07,-0.0025961143333333332,2.803769288337652e-07,0.001,0.005
50215.8,-0.0009799554333333334,2.07866092045407e-07,-0.0025843259999999996,1.4664242223870023e-07,0.001,0.005
50216.0,-0.0009755175,1.8062461072620145e-07,-0.0025724940000000003,1.4772948250096553e-07,0.001,0.005
50216.2,-0.0009714082666666666,1.6829318333060724e-07,-0.0025604143333333327,1.7813259730382152e-07,0.001,0.005
50216.4,-0.000966791,1.7399329488996396e-07,-0.0025487660000000005,1.7176728442858218e-07,0.001,0.005
50216.6,-0.0009627062666666667,1.5945802652178364e-07,-0.0025370859999999996,1.0150862032354361e-07,0.001,0.005
50216.8,-0.0009579858333333332,1.0532808531229101e-07,-0.002525548,1.348183963707519e-07,0.001,0.005
50217.0,-0.0009534952999999998,2.1037239204167737e-07,-0.002513708666666667,2.252958548713188e-07,0.001,0.005
50217.2,-0.0009490925333333335,1.3313420129914403e-07,-0.002502083666666667,1.9177214488954643e-07,0.001,0.005
50217.4,-0.0009445228000000002,1.4558420243970992e-07,-0.002490531,1.428600713985408e-07,0.001,0.005
50217.6,-0.0009403269000000001,1.5073538624579496e-07,-0.00247917,1.8931455305913245e-07,0.001,0.005
50217.8,-0.0009358048333333334,1.5667781875201933e-07,-0.002467626,1.790642342847024e-07,0.001,0.005
50218.0,-0.0009313858333333333,2.1976867889265243e-07,-0.0024562003333333336,1.743651978526859e-07,0.001,0.005
50218.2,-0.0009271183999999999,1.698406311811199e-07,-0.002444808,1.7959955456521846e-07,0.001,0.005
50218.4,-0.0009231759999999999,1.3676549272386878e-07,-0.00243355,1.2393546707857316e-07,0.001,0.005
50218.6,-0.0009184161666666667,2.7092952138066615e-07,-0.002422142,2.6820887382788125e-07,0.001,0.005
50218.8,-0.0009141006333333333,2.5380878410506385e-07,-0.0024109169999999994,1.6112417571547336e-07,0.001,0.005
50219.0,-0.0009097852000000002,1.1247441190482413e-07,-0.0023997073333333336,1.557975894836007e-07,0.001,0.005
50219.2,-0.0009057001333333334,2.4377376579296934e-07,-0.0023884506666666666,2.3129970937190593e-07,0.001,0.005
50219.4,-0.0009015038333333334,1.6384913453809728e-07,-0.0023771926666666674,1.991470701656564e-07,0.001,0.005
50219.6,-0.0008973715333333334,1.7503156540718752e-07,-0.002365928333333334,2.1808382690048897e-07,0.001,0.005
50219.8,-0.0008935173,2.1622675597623724e-07,-0.0023545040000000003,1.82603395368208e-07,0.001,0.005
50220.0,-0.0008892891333333333,8.544461493986119e-08,-0.0023437180000000003,1.8998947339250828e-07,0.001,0.005
50220.2,-0.0008851165,1.707660680580109e-07,-0.002332501333333334,1.504157202186685e-07,0.001,0.005
50220.4,-0.0008808093666666667,2.3406544431467498e-07,-0.0023215799999999997,1.7888543820001985e-07,0.001,0.005
50220.6,-0.0008764859666666667,1.8151849921025947e-07,-0.00231049,2.2414281161799685e-07,0.001,0.005
50220.8,-0.0008723931999999999,1.840732462907187e-07,-0.0022995686666666673,2.2612287711672818e-07,0.001,0.005
50221.0,-0.0008682684666666667,1.3316599499203262e-07,-0.0022885366666666666,1.679947089113938e-07,0.001,0.005
50221.2,-0.0008643821333333333,2.1953750375630663e-07,-0.0022775173333333333,2.0107930994739656e-07,0.001,0.005
50221.4,-0.0008603767666666667,2.3292397662946896e-07,-0.002266796,1.601998751559912e-07,0.001,0.005
50221.6,-0.0008560059333333332,3.1582188369748105e-07,-0.00225601,2.0861447696646544e-07,0.001,0.005
50221.8,-0.0008518970666666667,4.1005820183100956e-07,-0.0022452403333333335,1.9589935057461706e-07,0.001,0.005
50222.0,-0.0008474544333333334,2.0175375805395596e-07,-0.0022346626666666664,1.8848401052132704e-07,0.001,0.005
50222.2,-0.0008435524333333333,2.563714340994854e-07,-0.002223892,1.6951696080324895e-07,0.001,0.005
50222.4,-0.0008398488666666665,1.703358903917776e-07,-0.0022133783333333334,1.8246613079937984e-07,0.001,0.005
50222.6,-0.0008359788666666667,2.0732353674605997e-07,-0.0022026909999999997,1.6170652429632442e-07,0.001,0.005
50222.8,-0.0008319813666666666,1.707785082757482e-07,-0.0021918,1.7527121840172076e-07,0.001,0.005
50223.0,-0.0008278803333333334,1.5663552882055304e-07,-0.0021811973333333338,1.5935146340378311e-07,0.001,0.005
50223.2,-0.0008238827,2.0049940149534508e-07,-0.0021707303333333336,1.8798019990287473e-07,0.001,0.005
50223.4,-0.0008194721333333333,2.074114643783266e-07,-0.0021603123333333333,1.481369486508113e-07,0.001,0.005
50223.6,-0.0008156338666666667,1.947753806026113e-07,-0.002149758333333334,1.7591822595227536e-07,0.001,0.005
50223.8,-0.0008119301,1.3378598581318943e-07,-0.002139248666666667,1.8768294778391877e-07,0.001,0.005
50224.0,-0.0008078690666666668,2.104189366214062e-07,-0.0021288056666666664,1.858795906554671e-07,0.001,0.005
50224.2,-0.0008040943999999999,2.3528516031970642e-07,-0.0021182923333333335,2.368640022366317e-07,0.001,0.005
50224.4,-0.0008001441333333333,2.0853788358207888e-07,-0.002108110333333333,1.951492306473175e-07,0.001,0.005
50224.6,-0.0007962502666666666,2.1460753844065915e-07,-0.002097836,2.654505603685822e-07,0.001,0.005
50224.8,-0.0007919588666666665,2.9632445431015457e-07,-0.0020878543333333333,2.059560363011192e-07,0.001,0.005
50225.0,-0.0007880724666666667,1.9080840885264803e-07,-0.0020774506666666665,1.8759767826087917e-07,0.001,0.005
50225.2,-0.0007844722000000001,1.8621697022556292e-07,-0.0020672043333333336,1.711078282512515e-07,0.001,0.005
50225.4,-0.0007807055999999997,2.1993144386374994e-07,-0.002057002,1.451068571778518e-07,0.001,0.005
50225.6,-0.0007770972000000001,2.086877092691493e-07,-0.002046824,1.9530488985178976e-07,0.001,0.005
50225.8,-0.000773076,2.1102132593648988e-07,-0.0020366426666666663,1.6774848898137258e-07,0.001,0.005
50226.0,-0.0007693246333333333,2.2770441121965636e-07,-0.00202665,1.5594870951692202e-07,0.001,0.005
50226.2,-0.0007653192666666667,1.992542652547707e-07,-0.0020166480000000002,1.5778466338647652e-07,0.001,0.005
50226.4,-0.0007613379333333333,2.949101482749566e-07,-0.0020068126666666665,1.334899080662617e-07,0.001,0.005
50226.6,-0.0007574359,1.8058946997725922e-07,-0.0019966579999999997,1.5778466338655786e-07,0.001,0.002
50226.8,-0.0007536767333333333,1.6838763480597653e-07,-0.001986843333333333,1.897952112731645e-07,0.001,0.002
50227.0,-0.0007497309666666665,2.1560047670532344e-07,-0.0019768159999999997,1.765899204371468e-07,0.001,0.002
50227.2,-0.0007462776666666666,1.8315427619601223e-07,-0.00196703,1.718138527593257e-07,0.001,0.002
50227.4,-0.0007423993666666668,1.5473471563365303e-07,-0.0019569736666666666,1.4844714734731218e-07,0.001,0.002
50227.6,-0.0007385130999999999,1.8185733419359608e-07,-0.0019471419999999998,1.339253523422371e-07,0.001,0.002
50227.8,-0.0007347779333333333,3.453481270962454e-07,-0.0019373756666666664,2.011248920999925e-07,0.001,0.002
50228.0,-0.0007307008999999998,1.6511154815255869e-07,-0.0019277039999999997,1.7839282496782013e-07,0.001,0.002
50228.2,-0.0007270015,1.0532228317566181e-07,-0.0019179353333333333,1.5781282865751075e-07,0.001,0.002
50228.4,-0.0007232860000000001,1.3550129150676829e-07,-0.001908234,1.9220822042774994e-07,0.001,0.002
50228.6,-0.0007196144666666666,1.732225415149282e-07,-0.0018984513333333334,1.921064519710322e-07,0.001,0.002
50228.8,-0.0007159828666666666,1.302425259105535e-07,-0.0018889560000000002,1.5944905142396973e-07,0.001,0.002
50229.0,-0.0007122077,2.0307423109134012e-07,-0.0018791723333333333,1.7632703202351755e-07,0.001,0.002
50229.2,-0.0007085243,2.2142766313177735e-07,-0.0018694620000000001,1.620370328042714e-07,0.001,0.002
50229.4,-0.0007046498666666667,1.819939071019179e-07,-0.0018600739999999998,2.0895932618574845e-07,0.001,0.002
50229.6,-0.0007010896,1.5924124256402677e-07,-0.0018504866666666665,1.609830908995118e-07,0.001,0.002
50229.8,-0.000697525,1.620156371053945e-07,-0.0018408480000000002,1.236769986699318e-07,0.001,0.002
50230.0,-0.0006938971333333333,1.1267201170753412e-07,-0.0018313759999999998,1.7928747864813706e-07,0.001,0.002
50230.2,-0.0006904799000000001,1.528812938197694e-07,-0.0018218809999999998,1.9902009948746135e-07,0.001,0.002
50230.4,-0.0006869989,1.7389620467394225e-07,-0.0018124196666666665,1.537852037385141e-07,0.001,0.002
50230.6,-0.0006833392000000001,2.2340790794716065e-07,-0.001803014,1.4907716122869319e-07,0.001,0.002
50230.8,-0.0006798305333333333,2.0746899098954537e-07,-0.0017935619999999998,1.4756693396558255e-07,0.001,0.002
50231.0,-0.0006759681,1.703630143742136e-07,-0.001784394,1.189285499785662e-07,0.001,0.002
50231.2,-0.0006722289000000001,1.3917599170354246e-07,-0.001775043,1.5126466871019423e-07,0.001,0.002
50231.4,-0.0006688155333333335,1.7823219562007864e-07,-0.0017656616666666665,1.6213334703949834e-07,0.001,0.002
50231.6,-0.0006653228000000001,1.5501556911054382e-07,-0.00175632,1.6395121225533216e-07,0.001,0.002
50231.8,-0.0006616390666666667,2.0275780845355677e-07,-0.0017472000000000002,1.9287301521983119e-07,0.001,0.002
50232.0,-0.0006582655333333334,2.0267868385425332e-07,-0.0017382760000000002,1.2579348154812735e-07,0.001,0.002
50232.2,-0.0006545582,2.3312720418977034e-07,-0.0017289719999999998,1.87445992221782e-07,0.001,0.002
50232.4,-0.0006509977666666665,1.7400434541189768e-07,-0.001719916,1.7928747864807353e-07,0.001,0.002
50232.6,-0.0006474134666666667,1.964906670104912e-07,-0.001710732,1.6277591959503085e-07,0.001,0.002
50232.8,-0.0006440995999999999,1.5984796943762636e-07,-0.001701608,1.6375591592368737e-07,0.001,0.002
50233.0,-0.0006408329999999999,2.1620838713302904e-07,-0.001692496,2.0195048898181273e-07,0.001,0.002
50233.2,-0.0006370779666666666,1.6305428203174297e-07,-0.0016834320000000001,1.5979987484352904e-07,0.001,0.002
50233.4,-0.0006335892000000001,1.3537242456769896e-07,-0.0016742600000000001,1.7888543819999399e-07,0.001,0.002
50233.6,-0.0006300684999999999,1.8844004351519028e-07,-0.0016655279999999997,1.5051910177784345e-07,0.001,0.002
50233.8,-0.0006263849999999999,2.3985551206229827e-07,-0.0016564759999999998,2.1406541056413682e-07,0.001,0.002
50234.0,-0.0006228641666666667,1.8173792180563761e-07,-0.001647744,1.7906423428477896e-07,0.001,0.002
50234.2,-0.0006193834333333335,1.81850063391661e-07,-0.00163868,1.6419500601419865e-07,0.001,0.002
50234.4,-0.0006159421666666667,1.9160098874715625e-07,-0.0016296799999999999,1.559487095169646e-07,0.001,0.002
50234.6,-0.0006126479999999999,2.0798589695777918e-07,-0.001620704,1.9468949637821e-07,0.001,0.002
50234.8,-0.0006093101333333334,1.4991124781757726e-07,-0.0016118899999999997,1.8439088914587045e-07,0.001,0.002
50235.0,-0.0006059287666666666,1.7618677274100108e-07,-0.0016030603333333333,1.7880125527772698e-07,0.001,0.002
50235.2,-0.0006025748666666667,2.1976665402698255e-07,-0.0015944700000000002,2.1090282122341458e-07,0.001,0.002
50235.4,-0.0005993363999999999,1.8118307500056507e-07,-0.0015855499999999998,1.773132820744107e-07,0.001,0.002
50235.6,-0.0005958714666666667,1.49804702492567e-07,-0.001576834,1.845643519209425e-07,0.001,0.002
50235.8,-0.0005924579999999999,1.8665833314731252e-07,-0.0015681163333333334,1.514041684440172e-07,0.001,0.002
50236.0,-0.0005890644666666667,1.9844692545419394e-07,-0.001559480666666667,1.9726350115742647e-07,0.001,0.002
50236.2,-0.0005858299999999999,1.6562950622799842e-07,-0.0015507960000000001,2.1574058496258177e-07,0.001,0.002
50236.4,-0.0005825317999999998,1.862853366925715e-07,-0.0015420959999999997,1.9713954448559768e-07,0.001,0.002
50236.6,-0.0005792298333333333,1.6394248652770406e-07,-0.0015333916666666664,1.1495168067016539e-07,0.001,0.002
50236.8,-0.0005758680666666665,2.3260165280772838e-07,-0.0015249226666666667,1.7376101084216118e-07,0.001,0.002
50237.0,-0.0005722044000000001,1.782703190849985e-07,-0.0015166139999999997,1.7906423428480898e-07,0.001,0.002
50237.2,-0.0005690612333333334,1.5262889270675144e-07,-0.001508022,1.4260434775980747e-07,0.001,0.002
50237.4,-0.0005658147,1.6976496497608756e-07,-0.001499472,1.6880758276811015e-07,0.001,0.002
50237.6,-0.0005625922000000001,1.696381246457652e-07,-0.0014910436666666668,1.4819994002099025e-07,0.001,0.002
50237.8,-0.0005592822666666665,1.5295989307296254e-07,-0.0014826499999999999,1.5283978539635027e-07,0.001,0.002
50238.0,-0.0005560038999999999,1.372400208879799e-07,-0.0014740820000000003,1.1461239025515441e-07,0.001,0.002
50238.2,-0.0005526938333333333,2.0906953920220431e-07,-0.0014656226666666665,1.814925771361984e-07,0.001,0.002
50238.4,-0.0005493996666666666,1.6104126455318435e-07,-0.0014573160000000002,1.3290598180671436e-07,0.001,0.002
50238.6,-0.0005460059333333333,1.9071688149948807e-07,-0.0014489553333333332,1.6712736327589682e-07,0.001,0.002
50238.8,-0.0005427954,1.8714639545909093e-07,-0.001440666,1.7453939383416453e-07,0.001,0.002
50239.0,-0.0005395291333333333,1.9394376046220675e-07,-0.001432306,1.594490514239739e-07,0.001,0.002
50239.2,-0.0005364533999999999,1.8963941221873457e-07,-0.00142394,1.4560219778562632e-07,0.001,0.002
50239.4,-0.0005334415333333333,1.9574247253867817e-07,-0.0014156759999999998,1.5094369811287042e-07,0.001,0.002
50239.6,-0.0005302903666666666,1.6139671275737976e-07,-0.00140731,1.1313708498982734e-07,0.001,0.002
50239.8,-0.0005271749666666667,2.0565042885656682e-07,-0.001399118,1.5078461459977203e-07,0.001,0.002
